,Compound Score,Date,Negative Score,Neutral Score,Positive Score,Source,Text,Tweets Ago
0,0.6369,Fri Jan 19 20:03:05 +0000 2018,0.0,0.802,0.198,@BBC,"üå∫üçÉüçä @TheMontyDon discovers paradise gardens in Spain, Morocco and Iran and uncovers the influence they've had back‚Ä¶ https://t.co/Yfu5HcI0g4",0
1,0.0,Fri Jan 19 19:33:03 +0000 2018,0.0,1.0,0.0,@BBC,"Industry insiders reveal how the music business really works. üé∂ ü§ù ‚ú®

Hits, Hype &amp; Hustle: An Insider's Guide to the‚Ä¶ https://t.co/OGmGKJ9EC6",1
2,0.0,Fri Jan 19 19:00:11 +0000 2018,0.0,1.0,0.0,@BBC,"You have the first kid and it's great... 

#LiveAtTheApollo https://t.co/D9ODkUmN7U",2
3,0.1027,Fri Jan 19 18:30:06 +0000 2018,0.171,0.684,0.145,@BBC,üôÖüçª 'Thousands of Britons who don't drink that much anyway are currently enjoying a pretend battle with alcohol for‚Ä¶ https://t.co/l27xc0Ukzj,3
4,0.0,Fri Jan 19 18:00:11 +0000 2018,0.0,1.0,0.0,@BBC,‚ö°Ô∏è Twitter users have been imagining how Hogwarts might look if it included more black characters.‚Ä¶ https://t.co/oSue8TO5DF,4
5,0.7964,Fri Jan 19 17:30:09 +0000 2018,0.0,0.616,0.384,@BBC,üòÇ 'The cone saved my life and I'd like to think it saved other lives too.' https://t.co/QE2adyrE4J,5
6,0.7964,Fri Jan 19 17:00:17 +0000 2018,0.0,0.679,0.321,@BBC,"What makes the perfect pub? üçª

üìª @BBCRadio4 explains how George Orwell invented the ideal drinking house. üëâ‚Ä¶ https://t.co/6w5nWHv0x1",6
7,-0.5574,Fri Jan 19 16:33:28 +0000 2018,0.203,0.729,0.068,@BBC,Scientists believe that the death of a large number of antelopes was triggered by environmental factors.‚Ä¶ https://t.co/ItSxX2j9om,7
8,0.5106,Fri Jan 19 14:30:06 +0000 2018,0.0,0.82,0.18,@BBC,"üé∂ üíñ ""It's always fun working with @BTS_twt"". 

üëû ‚ú® @BBCR1's @AdeleRoberts meets the choreographer who has helped to‚Ä¶ https://t.co/r8zmiF1uL9",8
9,0.5411,Fri Jan 19 14:03:07 +0000 2018,0.0,0.741,0.259,@BBC,London has been lit up for the Lumiere festival! üí° üíñ üåü https://t.co/UtQvM8axPg https://t.co/ycXU6T9HFh,9
10,0.0,Fri Jan 19 13:30:09 +0000 2018,0.0,1.0,0.0,@BBC,"Do you see yourself the way others see you? üëÄ

What happens in your head may have more of an effect on what you see‚Ä¶ https://t.co/YZcgOt6FWm",10
11,0.3818,Fri Jan 19 13:00:10 +0000 2018,0.0,0.852,0.148,@BBC,ü§ñüíø The album that could change the way we think about AI and creativity. https://t.co/TkMPr4hCh4 https://t.co/wayYAqyIX5,11
12,0.0,Fri Jan 19 12:30:04 +0000 2018,0.0,1.0,0.0,@BBC,PSA: Valentine's Day is only a few weeks away! ‚ù§Ô∏è https://t.co/oSFr2ZLBPw,12
13,0.0,Fri Jan 19 12:00:10 +0000 2018,0.0,1.0,0.0,@BBC,What if the whole world used the same writing system? üìù https://t.co/bV3XDLi6eI https://t.co/eqm1sUPit1,13
14,0.0,Fri Jan 19 11:03:03 +0000 2018,0.0,1.0,0.0,@BBC,"The most moreish snack ever, these popcorn balls are squidged together with marshmallow and sprinkled with coffee.‚Ä¶ https://t.co/MMA2YNq9u7",14
15,0.0,Fri Jan 19 10:42:03 +0000 2018,0.0,1.0,0.0,@BBC,"üé∂ ‚ú® @BBCR1's @AdeleRoberts tracks the rise of K-Pop and meets @BTS_twt, the biggest band in the scene. 

Watch on‚Ä¶ https://t.co/REgXX05cyB",15
16,0.0,Fri Jan 19 10:26:34 +0000 2018,0.0,1.0,0.0,@BBC,"RT @BBCBreakfast: Oh, hello there! üêß
Pics: @AusAntarctic https://t.co/oIUadMixym",16
17,0.5574,Fri Jan 19 10:25:53 +0000 2018,0.0,0.82,0.18,@BBC,"RT @BBCR1: What's it like working with @BTS_twt? @AdeleRoberts meets Mr. Son, the choreographer who has helped create some of their most in‚Ä¶",17
18,0.1027,Fri Jan 19 10:25:32 +0000 2018,0.071,0.845,0.084,@BBC,"RT @BBCEarth: The Pallas‚Äô cat has ears low down on its head and can flatten their bodies to the ground to look like rocks while hunting
#Bi‚Ä¶",18
19,0.0,Fri Jan 19 09:00:05 +0000 2018,0.0,1.0,0.0,@BBC,"üíú‚ú® Last Friday, Brighton had a massive Queer Prom for those who never got to go as themselves.‚Ä¶ https://t.co/26ut0ioyYR",19
20,0.6369,Fri Jan 19 20:03:05 +0000 2018,0.0,0.802,0.198,@BBC,"üå∫üçÉüçä @TheMontyDon discovers paradise gardens in Spain, Morocco and Iran and uncovers the influence they've had back‚Ä¶ https://t.co/Yfu5HcI0g4",20
21,0.0,Fri Jan 19 19:33:03 +0000 2018,0.0,1.0,0.0,@BBC,"Industry insiders reveal how the music business really works. üé∂ ü§ù ‚ú®

Hits, Hype &amp; Hustle: An Insider's Guide to the‚Ä¶ https://t.co/OGmGKJ9EC6",21
22,0.0,Fri Jan 19 19:00:11 +0000 2018,0.0,1.0,0.0,@BBC,"You have the first kid and it's great... 

#LiveAtTheApollo https://t.co/D9ODkUmN7U",22
23,0.1027,Fri Jan 19 18:30:06 +0000 2018,0.171,0.684,0.145,@BBC,üôÖüçª 'Thousands of Britons who don't drink that much anyway are currently enjoying a pretend battle with alcohol for‚Ä¶ https://t.co/l27xc0Ukzj,23
24,0.0,Fri Jan 19 18:00:11 +0000 2018,0.0,1.0,0.0,@BBC,‚ö°Ô∏è Twitter users have been imagining how Hogwarts might look if it included more black characters.‚Ä¶ https://t.co/oSue8TO5DF,24
25,0.7964,Fri Jan 19 17:30:09 +0000 2018,0.0,0.616,0.384,@BBC,üòÇ 'The cone saved my life and I'd like to think it saved other lives too.' https://t.co/QE2adyrE4J,25
26,0.7964,Fri Jan 19 17:00:17 +0000 2018,0.0,0.679,0.321,@BBC,"What makes the perfect pub? üçª

üìª @BBCRadio4 explains how George Orwell invented the ideal drinking house. üëâ‚Ä¶ https://t.co/6w5nWHv0x1",26
27,-0.5574,Fri Jan 19 16:33:28 +0000 2018,0.203,0.729,0.068,@BBC,Scientists believe that the death of a large number of antelopes was triggered by environmental factors.‚Ä¶ https://t.co/ItSxX2j9om,27
28,0.5106,Fri Jan 19 14:30:06 +0000 2018,0.0,0.82,0.18,@BBC,"üé∂ üíñ ""It's always fun working with @BTS_twt"". 

üëû ‚ú® @BBCR1's @AdeleRoberts meets the choreographer who has helped to‚Ä¶ https://t.co/r8zmiF1uL9",28
29,0.5411,Fri Jan 19 14:03:07 +0000 2018,0.0,0.741,0.259,@BBC,London has been lit up for the Lumiere festival! üí° üíñ üåü https://t.co/UtQvM8axPg https://t.co/ycXU6T9HFh,29
30,0.0,Fri Jan 19 13:30:09 +0000 2018,0.0,1.0,0.0,@BBC,"Do you see yourself the way others see you? üëÄ

What happens in your head may have more of an effect on what you see‚Ä¶ https://t.co/YZcgOt6FWm",30
31,0.3818,Fri Jan 19 13:00:10 +0000 2018,0.0,0.852,0.148,@BBC,ü§ñüíø The album that could change the way we think about AI and creativity. https://t.co/TkMPr4hCh4 https://t.co/wayYAqyIX5,31
32,0.0,Fri Jan 19 12:30:04 +0000 2018,0.0,1.0,0.0,@BBC,PSA: Valentine's Day is only a few weeks away! ‚ù§Ô∏è https://t.co/oSFr2ZLBPw,32
33,0.0,Fri Jan 19 12:00:10 +0000 2018,0.0,1.0,0.0,@BBC,What if the whole world used the same writing system? üìù https://t.co/bV3XDLi6eI https://t.co/eqm1sUPit1,33
34,0.0,Fri Jan 19 11:03:03 +0000 2018,0.0,1.0,0.0,@BBC,"The most moreish snack ever, these popcorn balls are squidged together with marshmallow and sprinkled with coffee.‚Ä¶ https://t.co/MMA2YNq9u7",34
35,0.0,Fri Jan 19 10:42:03 +0000 2018,0.0,1.0,0.0,@BBC,"üé∂ ‚ú® @BBCR1's @AdeleRoberts tracks the rise of K-Pop and meets @BTS_twt, the biggest band in the scene. 

Watch on‚Ä¶ https://t.co/REgXX05cyB",35
36,0.0,Fri Jan 19 10:26:34 +0000 2018,0.0,1.0,0.0,@BBC,"RT @BBCBreakfast: Oh, hello there! üêß
Pics: @AusAntarctic https://t.co/oIUadMixym",36
37,0.5574,Fri Jan 19 10:25:53 +0000 2018,0.0,0.82,0.18,@BBC,"RT @BBCR1: What's it like working with @BTS_twt? @AdeleRoberts meets Mr. Son, the choreographer who has helped create some of their most in‚Ä¶",37
38,0.1027,Fri Jan 19 10:25:32 +0000 2018,0.071,0.845,0.084,@BBC,"RT @BBCEarth: The Pallas‚Äô cat has ears low down on its head and can flatten their bodies to the ground to look like rocks while hunting
#Bi‚Ä¶",38
39,0.0,Fri Jan 19 09:00:05 +0000 2018,0.0,1.0,0.0,@BBC,"üíú‚ú® Last Friday, Brighton had a massive Queer Prom for those who never got to go as themselves.‚Ä¶ https://t.co/26ut0ioyYR",39
40,0.1695,Fri Jan 19 08:40:01 +0000 2018,0.0,0.878,0.122,@BBC,Down's syndrome hasn't stopped this 21-year-old entrepreneur making millions selling colourful socks. üí∞ https://t.co/VxVAsAs2Hh,40
41,-0.8126,Fri Jan 19 08:20:04 +0000 2018,0.303,0.697,0.0,@BBC,The earliest known use of the term 'prisoner of war' in England has been discovered by a historian at‚Ä¶ https://t.co/Ia6OEU5fNf,41
42,0.4939,Fri Jan 19 08:00:03 +0000 2018,0.0,0.714,0.286,@BBC,üêä The race is on to save this crocodile. https://t.co/cm7nfo1iDm,42
43,0.0,Fri Jan 19 07:38:03 +0000 2018,0.0,1.0,0.0,@BBC,‚ú®üî≠ The Hubble telescope has bagged an unprecedented close-up view of one of the Universe's oldest known galaxies.‚Ä¶ https://t.co/evuKAeSyRW,43
44,0.4019,Thu Jan 18 19:35:04 +0000 2018,0.0,0.87,0.13,@BBC,üóû @MrNishKumar and a team of hilarious correspondents keep you up to date with everything that has happened - or no‚Ä¶ https://t.co/W0j9BxAnPT,44
45,0.6908,Thu Jan 18 19:00:10 +0000 2018,0.0,0.749,0.251,@BBC,"'In the last 6 months I've accomplished more than I could ever have imagined.'

An inspiring story of recovery from‚Ä¶ https://t.co/k8On0TfxMr",45
46,0.4588,Thu Jan 18 18:30:06 +0000 2018,0.0,0.87,0.13,@BBC,"üé¨üéû Are you a big film buff?
With awards season here, time to test your knowledge of 2017's biggest films. üëâ‚Ä¶ https://t.co/yPRDx4CJBH",46
47,0.0,Thu Jan 18 18:00:20 +0000 2018,0.0,1.0,0.0,@BBC,How 'heterosexuality' was invented. üëâ https://t.co/HgN6yQYexM https://t.co/qkYiiXe2pF,47
48,0.0,Thu Jan 18 17:30:03 +0000 2018,0.0,1.0,0.0,@BBC,"'I'm going to say things you never said. Go places you never were. Do things you never did.'

üòÇ @TomHanks on meetin‚Ä¶ https://t.co/4t03nQDOte",48
49,0.5423,Thu Jan 18 17:00:08 +0000 2018,0.0,0.788,0.212,@BBC,üèÜ @Paulcattermole1 from @SClub7 says he's selling his @BRITs Award because he's 'skint'. https://t.co/CfqJl09O7m https://t.co/AroknTfrjo,49
50,-0.6705,Thu Jan 18 16:50:57 +0000 2018,0.244,0.756,0.0,@BBC,RT @bbcthree: Annie was badly burnt in a fire as a baby before she was given up for adoption. #PlasticSurgeryCapitalOfTheWorld https://t.co‚Ä¶,50
51,0.0,Thu Jan 18 16:30:06 +0000 2018,0.0,1.0,0.0,@BBC,"üíõ üò± ONE MORE SLEEP!!!

Watch @AdeleRoberts explore the K-pop phenomenon and meet the incredible @BTS_twt!

Friday f‚Ä¶ https://t.co/Z1DJBgavnB",51
52,0.0,Thu Jan 18 16:17:17 +0000 2018,0.0,1.0,0.0,@BBC,"RT @bbcthree: ""A lot of my tics can be about bunnies and fairy princesses, then they can be about backstreet abortions and prostitutes.""

2‚Ä¶",52
53,-0.296,Thu Jan 18 16:11:37 +0000 2018,0.104,0.896,0.0,@BBC,"RT @bbcworldservice: When 17-year-old Samuel Lethbridge went missing in Australia, his father couldn't just sit back and do nothing. üìª http‚Ä¶",53
54,0.2732,Thu Jan 18 16:03:04 +0000 2018,0.093,0.729,0.178,@BBC,A wolf which went on the loose for about six hours after escaping from its enclosure has been safely recaptured. üê∫‚Ä¶ https://t.co/WvSzXC5TPq,54
55,0.5145,Thu Jan 18 15:42:27 +0000 2018,0.0,0.857,0.143,@BBC,"RT @BBCSpringwatch: ‚ùÑÔ∏è @ChrisGPackham, corvids and the return of #Winterwatch - what more could you wish for? 
Dragons? None of them sadly.‚Ä¶",55
56,0.0,Thu Jan 18 15:00:06 +0000 2018,0.0,1.0,0.0,@BBC,"üç´üçäDelicious chocolate pots, flavoured with coffee, orange and cardamom for only 155 kcals.... @ChefTomKerridge has‚Ä¶ https://t.co/Q0I6fbdzox",56
57,0.0,Thu Jan 18 14:33:03 +0000 2018,0.0,1.0,0.0,@BBC,These companies give their staff Fridays off all year round. üìÜ üíª üëã https://t.co/t8jptHGqWe https://t.co/pGMaxxkBNI,57
58,0.0,Thu Jan 18 14:00:10 +0000 2018,0.0,1.0,0.0,@BBC,Robot swans are taking to the waters of Singapore to test the quality of its reservoirs' drinking water. üö∞‚Ä¶ https://t.co/J77xVUVTxa,58
59,0.3612,Thu Jan 18 13:29:03 +0000 2018,0.0,0.865,0.135,@BBC,"üö™‚ù§Ô∏èÔ∏è Jeyda Heselton roams the world taking pictures of brightly painted doors, crumbling fa√ßades and picture-perfec‚Ä¶ https://t.co/LXoGuHr1h0",59
60,0.5994,Thu Jan 18 13:00:09 +0000 2018,0.0,0.766,0.234,@BBC,‚ö°üè† Some simple steps you can take to turn your house into an energy efficient home. üëâ https://t.co/4JdEq6gn2K https://t.co/HSDL2whYJI,60
61,-0.128,Thu Jan 18 12:30:04 +0000 2018,0.086,0.914,0.0,@BBC,"Africa's smallest cat is also the world's deadliest, with a 60% hunting strike rate. üòº

#BigCats | 8pm | @BBCOne https://t.co/DP9KPy0oMp",61
62,0.743,Thu Jan 18 12:00:07 +0000 2018,0.0,0.751,0.249,@BBC,"üë¶üëß How clued-up are you on the wide-ranging positive effects of children getting active? 

Take this quiz &amp; see. üëâ‚Ä¶ https://t.co/wtrSxOiXed",62
63,0.6908,Thu Jan 18 11:10:01 +0000 2018,0.0,0.711,0.289,@BBC,‚úç These original sketches of Winnie the Pooh reveal the inspiration behind the bear's appearance. ‚ù§Ô∏èÔ∏è‚Ä¶ https://t.co/99FRfprXRX,63
64,0.3182,Thu Jan 18 10:45:57 +0000 2018,0.0,0.839,0.161,@BBC,"‚ù§Ô∏èÔ∏è @Louis_Tomlinson has given $10,000 to a nine-year-old fan with cerebral palsy. https://t.co/BY6UpunaqH https://t.co/1FYNZJk3YR",64
65,0.4329,Thu Jan 18 10:36:26 +0000 2018,0.078,0.778,0.144,@BBC,"RT @bbcwritersroom: How do we measure success in #comedy? Is it simply no. of views?
@FactionMan just reposted his final sketch from our Fa‚Ä¶",65
66,0.6114,Thu Jan 18 09:55:37 +0000 2018,0.0,0.846,0.154,@BBC,"RT @BBCNewsround: Have you ever heard of a cat who loves water? Watch out, here comes the Fishing cat! üò∫üé£ 
on @BBCOne #BigCats https://t.co‚Ä¶",66
67,0.0,Thu Jan 18 09:30:06 +0000 2018,0.0,1.0,0.0,@BBC,üöí Victorian firemen used to brush their bushy facial hair over their mouths as protection against smoke inhalation.‚Ä¶ https://t.co/j29aNCSUhR,67
68,0.0,Thu Jan 18 09:01:04 +0000 2018,0.0,1.0,0.0,@BBC,"Get acquainted with K-Pop sensations @BTS_twt before their new @BBCR1 doco drops tomorrow...

They're kind of a HUG‚Ä¶ https://t.co/yFrovXlljO",68
69,0.784,Thu Jan 18 08:44:02 +0000 2018,0.0,0.745,0.255,@BBC,RT @BBCSSO: Take a bow Lucas &amp; Arthur Jussen üëèüëèüëè Retweet if you wish you could play like this! They're with us in Glasgow tomorrow night (a‚Ä¶,69
70,0.5267,Thu Jan 18 08:41:19 +0000 2018,0.0,0.855,0.145,@BBC,"RT @bbcideas: Driverless cars are the future, but how can we ensure that their moral compass is up to speed? ü§î üöó üìπ https://t.co/4AioYSlXBU",70
71,0.0,Thu Jan 18 08:40:01 +0000 2018,0.0,1.0,0.0,@BBC,"üé®üñå @Ciaran_Globel uses traditional signwriting tools and techniques to produce striking, hand-painted work. https://t.co/Xu4kmGnSHm",71
72,-0.5423,Thu Jan 18 08:20:04 +0000 2018,0.189,0.811,0.0,@BBC,"The real #McMafia: How organised crime moved online. üíª https://t.co/uhzRp3AV4o

*üö®WARNING: spoilers for the first f‚Ä¶ https://t.co/2fF0xExEKa",72
73,0.0,Thu Jan 18 08:00:03 +0000 2018,0.0,1.0,0.0,@BBC,"üó£üëÄ Do you listen with your eyes?

*turn your sound on for this experiment üîâ*

#TrustMeImADoctor https://t.co/WxeZ3hXbol",73
74,0.0,Thu Jan 18 07:38:09 +0000 2018,0.0,1.0,0.0,@BBC,"Over the next three years, photographer @MarioMacilau will record the changes brought by the introduction of clean‚Ä¶ https://t.co/yaLJOXXAb5",74
75,0.0,Wed Jan 17 19:33:03 +0000 2018,0.0,1.0,0.0,@BBC,"Step inside the world of high-profile divorce cases, where millions of pounds are at stake and London is the battle‚Ä¶ https://t.co/cHY5x6Z2Jb",75
76,0.4199,Wed Jan 17 19:08:42 +0000 2018,0.0,0.834,0.166,@BBC,"RT @BBCWthrWatchers: Nature's very own snowball! #SnowRoller https://t.co/aZFjuheu8B
Images courtesy of Clanger, South Lanarkshire https://‚Ä¶",76
77,0.128,Wed Jan 17 19:07:51 +0000 2018,0.0,0.914,0.086,@BBC,"RT @bbccomedy: Ahead of the Bayeux Tapestry's loan to the UK, here's an exclusive sneak peek. https://t.co/xsBwCl1EED",77
78,0.5859,Wed Jan 17 19:07:21 +0000 2018,0.0,0.863,0.137,@BBC,RT @bbcworldservice: This pair of North Korean figure skaters will be a big hit at the 2018 Winter Olympics. But are they expected to win a‚Ä¶,78
79,-0.4201,Wed Jan 17 19:07:07 +0000 2018,0.113,0.887,0.0,@BBC,"RT @BBCScotland: ""The more realistic they are the more freaky they are.""

A look into the world of incredibly life-like dolls known as 'reb‚Ä¶",79
80,0.0,Wed Jan 17 19:00:10 +0000 2018,0.0,1.0,0.0,@BBC,"üëë Lucy Worsley revisits key events in the lives of Henry VIII's six wives. 

Six Wives with @Lucy_Worsley | 9pm |‚Ä¶ https://t.co/ZeTGZRXhgz",80
81,0.6114,Wed Jan 17 18:30:04 +0000 2018,0.0,0.693,0.307,@BBC,"Meet the woman who loves blood, guts &amp; gore! ü§¢ https://t.co/zGQzBWxSgF",81
82,-0.372,Wed Jan 17 17:48:46 +0000 2018,0.104,0.896,0.0,@BBC,"RT @bbcthree: ""What do you do with your junk?"" WHY DO YOU CARE!?

Things not to say to drag kings and queens https://t.co/WJMCXD7S3r",82
83,-0.5255,Wed Jan 17 17:30:07 +0000 2018,0.274,0.726,0.0,@BBC,These coots are putting us all to shame! #GymGoals üòÇ https://t.co/wOhUMeGKRg,83
84,0.0,Wed Jan 17 17:00:07 +0000 2018,0.0,1.0,0.0,@BBC,"@@@

Everyone uses it, but not many know its official name, so here's a brief history of the asperand. üëâ‚Ä¶ https://t.co/O5C08Kbc8J",84
85,0.0,Wed Jan 17 15:05:03 +0000 2018,0.0,1.0,0.0,@BBC,"üó£ Over 100 years after it was invented, Esperanto is spoken by relatively few people. 

But the internet has brough‚Ä¶ https://t.co/SgjmD9LRth",85
86,0.0,Wed Jan 17 14:30:06 +0000 2018,0.0,1.0,0.0,@BBC,"Scotland has named its road gritters Sir Andy Flurry, Sir Salter Scott and Gritty Gritty Bang Bang. üòÇ‚Ä¶ https://t.co/ZceYbNIOLx",86
87,0.0,Wed Jan 17 14:00:06 +0000 2018,0.0,1.0,0.0,@BBC,"Pop stars as novelists. üé§‚úç

Only a select few have succeeded... üëâ https://t.co/YB5ZF9Ewv3 https://t.co/l27B3ycTmX",87
88,0.0,Wed Jan 17 13:30:04 +0000 2018,0.0,1.0,0.0,@BBC,"Thinking of buying a car?

üöôüé® Apparently your choice of colour says more about you than you might realise.‚Ä¶ https://t.co/QREMOhJBZF",88
89,0.0,Wed Jan 17 13:00:06 +0000 2018,0.0,1.0,0.0,@BBC,"Up until a century ago, residents of Makhunik were half a metre shorter than the average Iranian. @BBC_Travel‚Ä¶ https://t.co/guNf5FR816",89
90,0.0,Wed Jan 17 12:30:01 +0000 2018,0.0,1.0,0.0,@BBC,Quick-fire questions with #McMafia's @jginorton! https://t.co/SoyRZUliv2,90
91,0.0,Wed Jan 17 12:00:08 +0000 2018,0.0,1.0,0.0,@BBC,The Bayeux Tapestry is to be displayed in UK for the first time. https://t.co/bTXsjJ9UTp https://t.co/HiOo3J3FUf,91
92,0.5461,Wed Jan 17 11:28:12 +0000 2018,0.0,0.81,0.19,@BBC,‚ö°Ô∏è @BTS_twt are about to appear in a @BBCR1 documentary and fans are READY! ‚ú® #BTS #BTSonBBCR1 https://t.co/RtV8VqjKJe,92
93,0.0,Wed Jan 17 10:34:20 +0000 2018,0.0,1.0,0.0,@BBC,RT @bbcthree: Dark-skinned girls explain colourism. https://t.co/3IymyDshkk,93
94,0.0,Wed Jan 17 10:31:35 +0000 2018,0.0,1.0,0.0,@BBC,"RT @BBCOne: Pallas's cat. It's so still‚Ä¶ so ghostly, that people think it's a rock. But it's not. It's a cat. Rocks don't miaow. Not as a r‚Ä¶",94
95,0.0,Wed Jan 17 10:05:32 +0000 2018,0.0,1.0,0.0,@BBC,RT @BBCSport: Manchester City Women forward Nikita Parris and Chelsea Ladies winger Karen Carney go head-to-head to see who's got the best‚Ä¶,95
96,0.1027,Wed Jan 17 09:00:13 +0000 2018,0.161,0.655,0.185,@BBC,"'The homophobia is staggering.'

Friends and the trouble with old sitcoms. üëâ https://t.co/ujOeE9oRPR https://t.co/sJG4bu0RQZ",96
97,0.34,Wed Jan 17 08:41:10 +0000 2018,0.0,0.888,0.112,@BBC,"RT @BBCFOUR: üîé  Who is your favourite actor to play Sherlock Holmes? How to Be Sherlock Holmes, tonight from midnight. https://t.co/flUxnGA‚Ä¶",97
98,0.2023,Wed Jan 17 08:40:02 +0000 2018,0.0,0.921,0.079,@BBC,"Maybe we all need to find some 'monk time'?

Just one of the top tips on cracking that work-life balance from‚Ä¶ https://t.co/OgfoyHiLnd",98
99,0.0,Wed Jan 17 08:39:10 +0000 2018,0.0,1.0,0.0,@BBC,"RT @BBCScotland: Look out the thermals, snow has arrived in Scotland! https://t.co/kBphsIw865",99
100,0.6696,Fri Jan 19 22:53:48 +0000 2018,0.0,0.8,0.2,@CBS,RT @CBSTweet: A special thank you from @Browns guard @kzeit70 on behalf of himself and his dog Amber for voting him into #MVPCBS! Don't mis‚Ä¶,0
101,0.902,Fri Jan 19 12:06:04 +0000 2018,0.0,0.631,0.369,@CBS,"Cast your vote for your favorite commercial now, then tune in to see which spot is named champion! Watch Super Bowl‚Ä¶ https://t.co/2dGlQvBQED",1
102,0.5697,Thu Jan 18 20:35:02 +0000 2018,0.0,0.83,0.17,@CBS,Baltimore @Ravens running back Alex Collins (@Budda03) is one of the finalists of MVP: Most Valuable Performer! Wat‚Ä¶ https://t.co/7RV0vMyg2F,2
103,0.7326,Thu Jan 18 20:05:07 +0000 2018,0.0,0.781,0.219,@CBS,RT @CBSTweet: Let's go!!!! Thank you to the fans for voting in #BrandonWilliams from the @ravens! BrandonW_66 is ready to show off his sing‚Ä¶,3
104,0.0,Thu Jan 18 19:04:56 +0000 2018,0.0,1.0,0.0,@CBS,"#TBT to when @latelateshow's @JKCorden brought Carpool Karaoke to the #GRAMMYs with @JLo, @JohnLegend, @FaithHill a‚Ä¶ https://t.co/MNqRh1rgIK",4
105,0.6689,Thu Jan 18 18:29:17 +0000 2018,0.0,0.793,0.207,@CBS,Find out if your top pick made it to the final round of MVP: Most Valuable Performer! Watch the finalists compete d‚Ä¶ https://t.co/nhSJ1SDZDK,5
106,0.5574,Thu Jan 18 14:45:10 +0000 2018,0.104,0.631,0.266,@CBS,"Country stars @brothersosborne, @ericchurch &amp; @marenmorris will perform a special tribute to honor the victims of t‚Ä¶ https://t.co/m0zbaY6AH0",6
107,-0.3595,Thu Jan 18 02:28:47 +0000 2018,0.172,0.828,0.0,@CBS,.@ZaneLowe and @AppleMusic's latest #UpNext artist @stefflondon stop by the @LateLateShow tonight! https://t.co/q8EGVM5Bky,7
108,0.5859,Wed Jan 17 23:59:46 +0000 2018,0.0,0.833,0.167,@CBS,"When these #SuperBowlCommercials face off, who will win - Man or Beast? Watch all the memorable spots and cast your‚Ä¶ https://t.co/Qbu0Ah0toB",8
109,0.0,Wed Jan 17 19:54:17 +0000 2018,0.0,1.0,0.0,@CBS,"2018 GRAMMY¬Æ nominee @LadyGaga is never afraid to push boundaries.

Watch her perform live at The 60th Annual‚Ä¶ https://t.co/TqqoTcVs2i",9
110,0.3182,Wed Jan 17 19:04:12 +0000 2018,0.0,0.881,0.119,@CBS,#StrangeAngel Casting News: @rupertfriend joins the cast of the upcoming CBS All Access original drama series. Lear‚Ä¶ https://t.co/xOq0SC6ove,10
111,0.1316,Wed Jan 17 14:52:00 +0000 2018,0.072,0.826,0.102,@CBS,"You won't want to miss performances by @eltonofficial with @MileyCyrus, @U2, @samsmithworld, @kendricklamar &amp; more!‚Ä¶ https://t.co/dCKkJIXQfZ",11
112,0.9215,Sun Jan 14 22:13:29 +0000 2018,0.0,0.621,0.379,@CBS,Cast your vote now and see who will be named the winner of Super Bowl Greatest Commercials 2018! Tune in January 30‚Ä¶ https://t.co/zUteavWdKi,12
113,0.3182,Sun Jan 14 19:12:26 +0000 2018,0.13,0.628,0.242,@CBS,"If you continue to experience problems, please visit https://t.co/wvWEgDYfI5 to send our support team an email.",13
114,0.1027,Sun Jan 14 19:12:25 +0000 2018,0.0,0.935,0.065,@CBS,"We apologize for the live streaming issues some users are experiencing on CBS All Access this morning. The issue, a‚Ä¶ https://t.co/WNl94H269i",14
115,0.6705,Sun Jan 14 19:11:33 +0000 2018,0.0,0.756,0.244,@CBS,"RT @startrekcbs: There will be lots to discuss after tonight's new #StarTrekDiscovery. Luckily, #AfterTrek has you covered. Join @karterhol‚Ä¶",15
116,-0.2244,Sun Jan 14 14:49:58 +0000 2018,0.095,0.905,0.0,@CBS,Don‚Äôt miss the AFC Divisional game! Stream the Jacksonville Jaguars at Pittsburgh Steelers LIVE today at 1:05PM ET‚Ä¶ https://t.co/uYjgjaa6Oj,16
117,0.5719,Sun Jan 14 12:00:01 +0000 2018,0.0,0.829,0.171,@CBS,"Today's music stars will be tomorrow's legends. In two weeks, celebrate The 60th Annual #GRAMMYs, Sunday, January 2‚Ä¶ https://t.co/feZVWMIKua",17
118,-0.2244,Sat Jan 13 14:32:07 +0000 2018,0.086,0.914,0.0,@CBS,Don‚Äôt miss the AFC Divisional game! Stream the Tennessee Titans at New England Patriots LIVE tonight at 8:15PM ET w‚Ä¶ https://t.co/X34bNfms3j,18
119,0.8016,Fri Jan 12 21:39:27 +0000 2018,0.0,0.703,0.297,@CBS,Star power makes these commercials instant classics! Vote for your favorite spot now and watch Super Bowl Greatest‚Ä¶ https://t.co/DwBhTazToF,19
120,0.6696,Fri Jan 19 22:53:48 +0000 2018,0.0,0.8,0.2,@CBS,RT @CBSTweet: A special thank you from @Browns guard @kzeit70 on behalf of himself and his dog Amber for voting him into #MVPCBS! Don't mis‚Ä¶,20
121,0.902,Fri Jan 19 12:06:04 +0000 2018,0.0,0.631,0.369,@CBS,"Cast your vote for your favorite commercial now, then tune in to see which spot is named champion! Watch Super Bowl‚Ä¶ https://t.co/2dGlQvBQED",21
122,0.5697,Thu Jan 18 20:35:02 +0000 2018,0.0,0.83,0.17,@CBS,Baltimore @Ravens running back Alex Collins (@Budda03) is one of the finalists of MVP: Most Valuable Performer! Wat‚Ä¶ https://t.co/7RV0vMyg2F,22
123,0.7326,Thu Jan 18 20:05:07 +0000 2018,0.0,0.781,0.219,@CBS,RT @CBSTweet: Let's go!!!! Thank you to the fans for voting in #BrandonWilliams from the @ravens! BrandonW_66 is ready to show off his sing‚Ä¶,23
124,0.0,Thu Jan 18 19:04:56 +0000 2018,0.0,1.0,0.0,@CBS,"#TBT to when @latelateshow's @JKCorden brought Carpool Karaoke to the #GRAMMYs with @JLo, @JohnLegend, @FaithHill a‚Ä¶ https://t.co/MNqRh1rgIK",24
125,0.6689,Thu Jan 18 18:29:17 +0000 2018,0.0,0.793,0.207,@CBS,Find out if your top pick made it to the final round of MVP: Most Valuable Performer! Watch the finalists compete d‚Ä¶ https://t.co/nhSJ1SDZDK,25
126,0.5574,Thu Jan 18 14:45:10 +0000 2018,0.104,0.631,0.266,@CBS,"Country stars @brothersosborne, @ericchurch &amp; @marenmorris will perform a special tribute to honor the victims of t‚Ä¶ https://t.co/m0zbaY6AH0",26
127,-0.3595,Thu Jan 18 02:28:47 +0000 2018,0.172,0.828,0.0,@CBS,.@ZaneLowe and @AppleMusic's latest #UpNext artist @stefflondon stop by the @LateLateShow tonight! https://t.co/q8EGVM5Bky,27
128,0.5859,Wed Jan 17 23:59:46 +0000 2018,0.0,0.833,0.167,@CBS,"When these #SuperBowlCommercials face off, who will win - Man or Beast? Watch all the memorable spots and cast your‚Ä¶ https://t.co/Qbu0Ah0toB",28
129,0.0,Wed Jan 17 19:54:17 +0000 2018,0.0,1.0,0.0,@CBS,"2018 GRAMMY¬Æ nominee @LadyGaga is never afraid to push boundaries.

Watch her perform live at The 60th Annual‚Ä¶ https://t.co/TqqoTcVs2i",29
130,0.3182,Wed Jan 17 19:04:12 +0000 2018,0.0,0.881,0.119,@CBS,#StrangeAngel Casting News: @rupertfriend joins the cast of the upcoming CBS All Access original drama series. Lear‚Ä¶ https://t.co/xOq0SC6ove,30
131,0.1316,Wed Jan 17 14:52:00 +0000 2018,0.072,0.826,0.102,@CBS,"You won't want to miss performances by @eltonofficial with @MileyCyrus, @U2, @samsmithworld, @kendricklamar &amp; more!‚Ä¶ https://t.co/dCKkJIXQfZ",31
132,0.9215,Sun Jan 14 22:13:29 +0000 2018,0.0,0.621,0.379,@CBS,Cast your vote now and see who will be named the winner of Super Bowl Greatest Commercials 2018! Tune in January 30‚Ä¶ https://t.co/zUteavWdKi,32
133,0.3182,Sun Jan 14 19:12:26 +0000 2018,0.13,0.628,0.242,@CBS,"If you continue to experience problems, please visit https://t.co/wvWEgDYfI5 to send our support team an email.",33
134,0.1027,Sun Jan 14 19:12:25 +0000 2018,0.0,0.935,0.065,@CBS,"We apologize for the live streaming issues some users are experiencing on CBS All Access this morning. The issue, a‚Ä¶ https://t.co/WNl94H269i",34
135,0.6705,Sun Jan 14 19:11:33 +0000 2018,0.0,0.756,0.244,@CBS,"RT @startrekcbs: There will be lots to discuss after tonight's new #StarTrekDiscovery. Luckily, #AfterTrek has you covered. Join @karterhol‚Ä¶",35
136,-0.2244,Sun Jan 14 14:49:58 +0000 2018,0.095,0.905,0.0,@CBS,Don‚Äôt miss the AFC Divisional game! Stream the Jacksonville Jaguars at Pittsburgh Steelers LIVE today at 1:05PM ET‚Ä¶ https://t.co/uYjgjaa6Oj,36
137,0.5719,Sun Jan 14 12:00:01 +0000 2018,0.0,0.829,0.171,@CBS,"Today's music stars will be tomorrow's legends. In two weeks, celebrate The 60th Annual #GRAMMYs, Sunday, January 2‚Ä¶ https://t.co/feZVWMIKua",37
138,-0.2244,Sat Jan 13 14:32:07 +0000 2018,0.086,0.914,0.0,@CBS,Don‚Äôt miss the AFC Divisional game! Stream the Tennessee Titans at New England Patriots LIVE tonight at 8:15PM ET w‚Ä¶ https://t.co/X34bNfms3j,38
139,0.8016,Fri Jan 12 21:39:27 +0000 2018,0.0,0.703,0.297,@CBS,Star power makes these commercials instant classics! Vote for your favorite spot now and watch Super Bowl Greatest‚Ä¶ https://t.co/DwBhTazToF,39
140,0.7717,Fri Jan 12 12:00:05 +0000 2018,0.0,0.676,0.324,@CBS,Four-time GRAMMY¬Æ winner @KeithUrban inspires the next generation of young artists through music education. Because‚Ä¶ https://t.co/1a32zReMrn,40
141,0.0,Thu Jan 11 20:34:24 +0000 2018,0.0,1.0,0.0,@CBS,Here's why @startrekcbs needs to be your next binge: https://t.co/locrpdx0VT #StarTrekDiscovery https://t.co/XOMuprlXzG,41
142,0.555,Thu Jan 11 20:31:42 +0000 2018,0.0,0.796,0.204,@CBS,RT @Elementary_CBS: Your favorite detective duo is back! #Elementary returns April 30 at 10/9c! https://t.co/aG8XiwAd6S,42
143,0.0,Thu Jan 11 20:31:33 +0000 2018,0.0,1.0,0.0,@CBS,"RT @CodeBlackCBS: Return to Angels Memorial on Wednesday, May 2 for season 3 of #CodeBlack. https://t.co/ZmfuQhOwoU",43
144,0.1867,Thu Jan 11 12:00:06 +0000 2018,0.0,0.916,0.084,@CBS,#TBT to when @latelateshow's @JKCorden rolled into the 2017 #GRAMMYs! Don't miss him return to host The 60th Annual‚Ä¶ https://t.co/CbczcnV3HK,44
145,0.8553,Wed Jan 10 17:15:18 +0000 2018,0.0,0.656,0.344,@CBS,Hosts @7BOOMERESIASON &amp; @DanielaRuah return in Super Bowl Greatest Commercials 2018 pitting man vs. beast! Cast you‚Ä¶ https://t.co/bk8OKTblMw,45
146,0.0,Wed Jan 10 14:44:59 +0000 2018,0.0,1.0,0.0,@CBS,"Music's Biggest Night¬Æ just got bigger with epic performances by @BrunoMars with @iamcardib, @KeshaRose, @sza and m‚Ä¶ https://t.co/rCWrP6PihR",46
147,0.1867,Tue Jan 09 19:30:28 +0000 2018,0.0,0.924,0.076,@CBS,RT @BullCBS: Dr. #Bull's latest case could change the way Psychologists work. Don't miss tonight's new episode at 9/8c on CBS! https://t.co‚Ä¶,47
148,0.836,Tue Jan 09 19:27:16 +0000 2018,0.0,0.683,0.317,@CBS,"üé∂@Prince pushed the envelope and never settled for ordinary.

Celebrate the greatest artists in music history at Th‚Ä¶ https://t.co/GPZ9YgK1tH",48
149,0.0,Tue Jan 09 18:29:39 +0000 2018,0.0,1.0,0.0,@CBS,RT @AmazingRaceCBS: This race is just getting started. Catch a new episode of The #AmazingRace tomorrow at 8/7c on CBS! https://t.co/Nab5DC‚Ä¶,49
150,0.0,Mon Jan 08 18:07:57 +0000 2018,0.0,1.0,0.0,@CBS,RT @startrekcbs: #StarTrekDiscovery is back! Episode 10 is now streaming on CBS All Access: https://t.co/xPeb97Rs8J https://t.co/Uvgab7nGgS,50
151,0.0,Mon Jan 08 14:34:48 +0000 2018,0.0,1.0,0.0,@CBS,"New year, new case. Watch the latest episode of #NCISLA now: https://t.co/1rAsX4EsiB https://t.co/QzRZcORK9r",51
152,0.0,Mon Jan 08 14:29:20 +0000 2018,0.0,1.0,0.0,@CBS,RT @AmazingRaceCBS: Which teams are zipping through the first leg of the #AmazingRace? https://t.co/8isAwPyrLY,52
153,0.0,Mon Jan 08 00:29:51 +0000 2018,0.0,1.0,0.0,@CBS,RT @MadamSecretary: Is VP Hurst going to work with or against Elizabeth? Stream a new #MadamSecretary live with CBS All Access: https://t.c‚Ä¶,53
154,0.0,Sat Jan 06 20:05:17 +0000 2018,0.0,1.0,0.0,@CBS,"RT @debrabirnbaum: .@ShawnRyanTV: To me, being on CBS is the opposite of preaching to the choir. #TCA18",54
155,0.8271,Sat Jan 06 19:04:08 +0000 2018,0.0,0.686,0.314,@CBS,RT @LivinBiblically: ‚ÄúThe truth is it somehow gorgeously straddles both sides...I have had friends come from all different walks of life an‚Ä¶,55
156,-0.7717,Sat Jan 06 19:03:38 +0000 2018,0.226,0.774,0.0,@CBS,RT @instinctcbs: ‚ÄúThis is a crime show where at the end you‚Äôre not reminded of how miserable things are in the world right now‚Ä¶You feel sat‚Ä¶,56
157,0.0,Sat Jan 06 00:37:55 +0000 2018,0.0,1.0,0.0,@CBS,"RT @startrekcbs: Star Trek has touched the lives of generations of fans, including the cast and writers of #StarTrekDiscovery. What's your‚Ä¶",57
158,0.0,Sat Jan 06 00:30:53 +0000 2018,0.0,1.0,0.0,@CBS,#StrangeAngel has found its leading man! Jack Reynor will star as famed rocket engineer Jack Parsons in the upcomin‚Ä¶ https://t.co/sHkSKABGfd,58
159,0.0,Fri Jan 05 18:30:42 +0000 2018,0.0,1.0,0.0,@CBS,"The streak of new episodes continues! Watch new episodes of #MacGyver, #H50 &amp; #BlueBloods tonight starting at 8/7c.‚Ä¶ https://t.co/xs2vbVqBJZ",59
160,0.0,Fri Jan 05 16:05:58 +0000 2018,0.0,1.0,0.0,@CBS,"RT @CBSTweet: #CBSRatingsNews: CBS Sweeps Fourth Quarter Ratings in Daytime, Primetime and Late Night for the First Time Since 2009 https:/‚Ä¶",60
161,0.1867,Thu Jan 04 23:13:02 +0000 2018,0.0,0.89,0.11,@CBS,"New year, new episodes! Don't miss all-new episodes of @BigBangTheory, @YoungSheldon, @MomCBS, @LifeInPiecesCBS, an‚Ä¶ https://t.co/COf6Qg8Mz1",61
162,-0.296,Thu Jan 04 14:43:09 +0000 2018,0.121,0.879,0.0,@CBS,"Current nominees @LadyGaga, @LittleBigTown, @Pink, Childish Gambino and more will perform live at the #GRAMMYs, Jan‚Ä¶ https://t.co/PlLMasNPwD",62
163,0.5423,Wed Jan 03 20:33:09 +0000 2018,0.0,0.821,0.179,@CBS,"RT @startrekcbs: From Airiam to Zefram Cochrane, #StarTrekDiscovery features fascinating new concepts along with classic references. What's‚Ä¶",63
164,-0.5267,Wed Jan 03 19:51:15 +0000 2018,0.167,0.833,0.0,@CBS,Torres and Bishop went undercover as a criminal couple on the latest episode of #NCIS. Catch up now:‚Ä¶ https://t.co/1iTEneHyJS,64
165,0.5423,Wed Jan 03 15:00:05 +0000 2018,0.0,0.857,0.143,@CBS,Do you know all the nominees for Artist Of The Year? Get familiar with this year's GRAMMY¬Æ Award nominees ahead of‚Ä¶ https://t.co/UQa8Mu9PUV,65
166,0.0,Wed Jan 03 12:00:01 +0000 2018,0.0,1.0,0.0,@CBS,"The new year of new episodes continues tonight with all-new episodes of #AmazingRace, #SEALTeam and #CriminalMinds‚Ä¶ https://t.co/bwhNhQgsFC",66
167,-0.7692,Wed Jan 03 00:47:26 +0000 2018,0.267,0.733,0.0,@CBS,"RT @BullCBS: Tonight, can #Bull prove that a teen accused of robbing a jewelry store isn't responsible for the crime? Tune in at 9/8c or st‚Ä¶",67
168,0.8516,Tue Jan 02 22:41:51 +0000 2018,0.0,0.66,0.34,@CBS,It's your last chance to choose the pro football player with the best off-the-field talent! Vote now to decide who‚Ä¶ https://t.co/6DjwqU0MB9,68
169,0.0,Tue Jan 02 08:00:03 +0000 2018,0.0,1.0,0.0,@CBS,"New year, new episodes -- all week long! It kicks off with an all-new #NCIS, #Bull and #NCISNOLA tonight starting a‚Ä¶ https://t.co/bcmAaUQJtf",69
170,0.0,Mon Jan 01 01:16:12 +0000 2018,0.0,1.0,0.0,@CBS,"Due to #NFL football games overrun, revised start times &amp; lineup for Eastern/Central Time Zones Only:
#60Minutes 8:‚Ä¶ https://t.co/rqOYbM5j0h",70
171,0.7798,Sun Dec 31 14:37:05 +0000 2017,0.0,0.736,0.264,@CBS,Get ready for football! Stream NFL on CBS today with #CBSAllAccess. Try 1 month FREE with promo code BINGE (not ava‚Ä¶ https://t.co/NEntvW7QHd,71
172,0.0,Sat Dec 30 20:25:20 +0000 2017,0.0,1.0,0.0,@CBS,"RT @NoActivityCBS: All season nothing's happened. Now prepare for activity. Stream the #NoActivity season finale Sunday, Dec 31 on CBS All‚Ä¶",72
173,0.3612,Sat Dec 30 20:24:58 +0000 2017,0.0,0.884,0.116,@CBS,RT @startrekcbs: Find out what happens when you boldly go too far. #StarTrekDiscovery continues January 7 on CBS All Access: https://t.co/f‚Ä¶,73
174,0.0857,Fri Dec 29 16:06:02 +0000 2017,0.144,0.699,0.157,@CBS,Stream NC State Wolfpack at Arizona State Sun Devils LIVE today at 3PM ET with a 1-month FREE trial of‚Ä¶ https://t.co/8k50thgtip,74
175,0.1511,Thu Dec 28 20:31:01 +0000 2017,0.096,0.783,0.121,@CBS,"In case you missed this star-studded tribute to Carol Burnett's classic comedy series, catch up now! Watch The Caro‚Ä¶ https://t.co/wu7BxM9gtm",75
176,0.0,Thu Dec 28 19:28:22 +0000 2017,0.0,1.0,0.0,@CBS,Some of TV's biggest stars saluted @TheNormanLear's impact on television and culture at The 40th Annual Kennedy Cen‚Ä¶ https://t.co/E74ChUW1uE,76
177,0.875,Wed Dec 27 22:45:05 +0000 2017,0.0,0.643,0.357,@CBS,The search is on to find the pro football player with the best off-the-field talent. Vote for your favorite player‚Ä¶ https://t.co/R0fb5ngJ16,77
178,0.7717,Wed Dec 27 21:04:10 +0000 2017,0.0,0.705,0.295,@CBS,"Celebrate everyone's favorite classic sitcom with Carol Burnett, Vicki Lawrence, and more stars during The Carol Bu‚Ä¶ https://t.co/SaiZ9TzBVO",78
179,0.8452,Wed Dec 27 19:52:02 +0000 2017,0.0,0.663,0.337,@CBS,Joy to the world of streaming! Try #CBSAllAccess FREE for 1 month ‚Äì just use code BINGE by 1/2:‚Ä¶ https://t.co/9p1ACnslz6,79
180,0.0,Wed Dec 27 19:40:34 +0000 2017,0.0,1.0,0.0,@CBS,"Music legend Stevie Wonder salutes @LionelRichie while performing his classic hit, ""Easy"" at The 40th Annual Kenned‚Ä¶ https://t.co/7TeDeNyhgo",80
181,0.7003,Wed Dec 27 12:00:01 +0000 2017,0.0,0.766,0.234,@CBS,"As the youngest Kennedy Center Honoree in 40 years, @LLCoolJ talks about what motivates him to chase his dreams. Wa‚Ä¶ https://t.co/DFY78y99w3",81
182,0.8398,Wed Dec 27 07:27:33 +0000 2017,0.0,0.64,0.36,@CBS,Here's to the 2017 Kennedy Center Honorees! Catch up on an evening of stunning performances and inspiring speeches‚Ä¶ https://t.co/jGfANpSCul,82
183,0.8221,Wed Dec 27 04:00:52 +0000 2017,0.0,0.664,0.336,@CBS,This celebration could go all night long! What a great final performance in honor of @LionelRichie. #KCHonors https://t.co/xKLWpKr3v0,83
184,0.0,Wed Dec 27 03:59:48 +0000 2017,0.0,1.0,0.0,@CBS,RT @MarkAPrinceJr: A #LionelRichie tribute is not complete without üé∂All Night Longüé∂ üòÅ #KCHonors,84
185,0.8271,Wed Dec 27 03:36:01 +0000 2017,0.0,0.58,0.42,@CBS,Carmen de Lavallade (@CarmenDances) got emotional during those beautiful performances in her honor. Congratulations‚Ä¶ https://t.co/gOCAZpZDpt,85
186,0.8103,Wed Dec 27 03:35:29 +0000 2017,0.0,0.685,0.315,@CBS,RT @Glamourtunist: This tribute to Carmen de Lavallade at the #KCHonors is so beautiful and well deserved. ‚ù§Ô∏è,86
187,0.0,Wed Dec 27 03:03:49 +0000 2017,0.0,1.0,0.0,@CBS,RT @llcoolj: Attn: #HIPHOP !!!! We made history!! #KCHonors,87
188,0.5255,Wed Dec 27 03:03:26 +0000 2017,0.0,0.78,0.22,@CBS,.@llcoolj is making history! He‚Äôs the Kennedy Center‚Äôs first hip-hop honoree. #KCHonors https://t.co/kCqkOdUjtu,88
189,0.7096,Wed Dec 27 02:57:56 +0000 2017,0.0,0.753,0.247,@CBS,RT @ErinAnnCullen: #KCHonors is always a night of inspiration. Thank you to these artists for your impact on our country. ‚ù§Ô∏èüß°üíõüíöüíôüíú,89
190,0.7345,Wed Dec 27 02:48:52 +0000 2017,0.0,0.64,0.36,@CBS,Give a round of applause to television pioneer and 2017 Honoree @TheNormanLear! #KCHonors https://t.co/20UosF987x,90
191,0.6124,Wed Dec 27 02:45:34 +0000 2017,0.0,0.826,0.174,@CBS,RT @AliL: This tribute to Norman Lear on #KCHonors is outstanding AND a walk down my childhood TV memory lane. üëèüèªüì∫,91
192,0.3699,Wed Dec 27 02:28:07 +0000 2017,0.0,0.702,0.298,@CBS,RT @llcoolj: Moments I‚Äôll never forget!!! #KCHonors,92
193,0.8748,Wed Dec 27 02:26:46 +0000 2017,0.0,0.474,0.526,@CBS,.@GloriaEstefan approves of those amazing musical performances in her honor! #KCHonors https://t.co/i3EVYEoKRx,93
194,0.9601,Wed Dec 27 02:20:11 +0000 2017,0.0,0.434,0.566,@CBS,RT @thepickypantry: Beautiful tribute to @GloriaEstefan on the Kennedy Center Honors. Love Mi Tierra! Amazing and inspiring what a fighter‚Ä¶,94
195,0.8908,Wed Dec 27 02:00:29 +0000 2017,0.0,0.654,0.346,@CBS,Time to celebrate the 2017 honorees at The 40th Annual Kennedy Center Honors! Tune in now on CBS and CBS All Access‚Ä¶ https://t.co/1OULMpCfPy,95
196,0.0,Wed Dec 27 01:08:32 +0000 2017,0.0,1.0,0.0,@CBS,"Tonight, @LionelRichie, @LLCoolJ, @GloriaEstefan, @TheNormanLear &amp; Carmen de Lavallade will be recognized at The 40‚Ä¶ https://t.co/jZJqNo8h3b",96
197,0.2415,Tue Dec 26 12:00:01 +0000 2017,0.173,0.61,0.218,@CBS,"Don't miss the breathtaking performances, standing ovations and moving tributes that will leave you inspired. Here'‚Ä¶ https://t.co/imILa52fjz",97
198,0.5106,Mon Dec 25 12:00:05 +0000 2017,0.0,0.809,0.191,@CBS,"Experience the performances and the memories when 2017 Honorees @LionelRichie, @GloriaEstefan, Carmen de Lavallade,‚Ä¶ https://t.co/ygbqASVL7t",98
199,-0.2263,Mon Dec 25 00:48:24 +0000 2017,0.101,0.899,0.0,@CBS,"Due to NFL overrun CBS is delayed 36mins in Charlotte/NC, Cincinnati/OH, Nashville, Atlanta, New Orleans, Baton Rou‚Ä¶ https://t.co/20mnbAhpTm",99
200,0.4215,Fri Jan 19 23:58:06 +0000 2018,0.0,0.781,0.219,@CNN,Facebook is planning to rank news outlets by trustworthiness https://t.co/2BdV0j5PmO https://t.co/eYMNPTZEFf,0
201,-0.0516,Fri Jan 19 23:53:09 +0000 2018,0.091,0.909,0.0,@CNN,2 different White House approaches to Russia testimony leave lawmakers scratching their heads‚Ä¶ https://t.co/OX0XeRjVTd,1
202,0.0,Fri Jan 19 23:51:29 +0000 2018,0.0,1.0,0.0,@CNN,RT @CNNSitRoom: Republican Sen. Dan Sullivan: The decision on whether not the government is going to shut down is now on Senate Democrats h‚Ä¶,2
203,0.4019,Fri Jan 19 23:48:06 +0000 2018,0.0,0.863,0.137,@CNN,The Democratic Party is progressing -- some members need to catch up | By Jeff Weaver via @CNNOpinion‚Ä¶ https://t.co/hV4AGQGyns,3
204,-0.6249,Fri Jan 19 23:43:03 +0000 2018,0.242,0.758,0.0,@CNN,"A 58-year-old Kentucky man is being charged with assaulting a member of Congress, in connection with the November a‚Ä¶ https://t.co/nZ6FWDBrwO",4
205,0.0,Fri Jan 19 23:37:38 +0000 2018,0.0,1.0,0.0,@CNN,What Donald Trump was saying during the last government shutdown | Analysis by CNN's Gregory Krieg‚Ä¶ https://t.co/AcAlZM0Qil,5
206,0.4404,Fri Jan 19 23:33:03 +0000 2018,0.0,0.861,0.139,@CNN,"The Federal Reserve's regulatory czar, appointed last year by President Trump, lays out his plans to relax regulati‚Ä¶ https://t.co/XLxb64d0dW",6
207,0.7845,Fri Jan 19 23:30:10 +0000 2018,0.0,0.699,0.301,@CNN,RT @CNNSitRoom: Budget director Mulvaney on possible government shutdown: There has been a great deal of progress https://t.co/gf8pas9gWb h‚Ä¶,7
208,-0.296,Fri Jan 19 23:28:07 +0000 2018,0.115,0.885,0.0,@CNN,"The federal official overseeing offshore drilling policy said there has been no ""official decision"" that Florida is‚Ä¶ https://t.co/x6fMGOC1CT",8
209,0.3597,Fri Jan 19 23:23:03 +0000 2018,0.096,0.719,0.185,@CNN,The 10 most powerful lines from Aly Raisman at Larry Nassar's sentencing https://t.co/M1jl80QQsZ https://t.co/fKzkJHdxsr,9
210,0.25,Fri Jan 19 23:10:04 +0000 2018,0.0,0.913,0.087,@CNN,Buyers who sign up early for new Trump-branded apartments in India are being given the chance to meet with Donald T‚Ä¶ https://t.co/OyMuPgomDT,10
211,0.624,Fri Jan 19 23:00:52 +0000 2018,0.0,0.796,0.204,@CNN,People keep eating one of Procter &amp; Gamble's most successful innovations in years: Tide Pods https://t.co/sfzZBuqNMc https://t.co/iYQAvTo7PU,11
212,0.2023,Fri Jan 19 22:56:59 +0000 2018,0.088,0.787,0.125,@CNN,"Protesters gather in a US Senate office building in Washington, chanting in support of protection for Dreamers as t‚Ä¶ https://t.co/eyeq1FAxXo",12
213,0.3182,Fri Jan 19 22:50:11 +0000 2018,0.169,0.547,0.284,@CNN,US troops helped Somalia's security forces rescue approximately 30 children from a terror camp‚Ä¶ https://t.co/VK9RYnLFiY,13
214,-0.743,Fri Jan 19 22:40:09 +0000 2018,0.249,0.751,0.0,@CNN,"Michael Phelps, the most decorated Olympian of all time, opened up about his battle with depression and said he con‚Ä¶ https://t.co/q6Hj6eOrNK",14
215,-0.2263,Fri Jan 19 22:35:05 +0000 2018,0.101,0.899,0.0,@CNN,House conservatives are demanding public release of a memo detailing allegations of FBI missteps during the 2016 el‚Ä¶ https://t.co/Rf6kRYawrG,15
216,-0.25,Fri Jan 19 22:30:09 +0000 2018,0.175,0.714,0.11,@CNN,The list of actors refusing to work with Woody Allen is growing https://t.co/cldRdosbXV,16
217,0.0,Fri Jan 19 22:20:13 +0000 2018,0.0,1.0,0.0,@CNN,"Delta flies 250,000 service animals a year. Now the rules are changing. https://t.co/grpfOg7oJg https://t.co/ZabaHvIeOh",17
218,0.0644,Fri Jan 19 22:10:08 +0000 2018,0.0,0.935,0.065,@CNN,"Secretary of Defense James Mattis says military will ""continue what we are doing"" but government shutdown will have‚Ä¶ https://t.co/lYUil7OroI",18
219,0.5945,Fri Jan 19 22:04:21 +0000 2018,0.0,0.787,0.213,@CNN,"RT @TheLeadCNN: Anthony Scaramucci says ""elites"" don't understand when President Trump is joking. Watch more on a CNN special report tonigh‚Ä¶",19
220,0.4215,Fri Jan 19 23:58:06 +0000 2018,0.0,0.781,0.219,@CNN,Facebook is planning to rank news outlets by trustworthiness https://t.co/2BdV0j5PmO https://t.co/eYMNPTZEFf,20
221,-0.0516,Fri Jan 19 23:53:09 +0000 2018,0.091,0.909,0.0,@CNN,2 different White House approaches to Russia testimony leave lawmakers scratching their heads‚Ä¶ https://t.co/OX0XeRjVTd,21
222,0.0,Fri Jan 19 23:51:29 +0000 2018,0.0,1.0,0.0,@CNN,RT @CNNSitRoom: Republican Sen. Dan Sullivan: The decision on whether not the government is going to shut down is now on Senate Democrats h‚Ä¶,22
223,0.4019,Fri Jan 19 23:48:06 +0000 2018,0.0,0.863,0.137,@CNN,The Democratic Party is progressing -- some members need to catch up | By Jeff Weaver via @CNNOpinion‚Ä¶ https://t.co/hV4AGQGyns,23
224,-0.6249,Fri Jan 19 23:43:03 +0000 2018,0.242,0.758,0.0,@CNN,"A 58-year-old Kentucky man is being charged with assaulting a member of Congress, in connection with the November a‚Ä¶ https://t.co/nZ6FWDBrwO",24
225,0.0,Fri Jan 19 23:37:38 +0000 2018,0.0,1.0,0.0,@CNN,What Donald Trump was saying during the last government shutdown | Analysis by CNN's Gregory Krieg‚Ä¶ https://t.co/AcAlZM0Qil,25
226,0.4404,Fri Jan 19 23:33:03 +0000 2018,0.0,0.861,0.139,@CNN,"The Federal Reserve's regulatory czar, appointed last year by President Trump, lays out his plans to relax regulati‚Ä¶ https://t.co/XLxb64d0dW",26
227,0.7845,Fri Jan 19 23:30:10 +0000 2018,0.0,0.699,0.301,@CNN,RT @CNNSitRoom: Budget director Mulvaney on possible government shutdown: There has been a great deal of progress https://t.co/gf8pas9gWb h‚Ä¶,27
228,-0.296,Fri Jan 19 23:28:07 +0000 2018,0.115,0.885,0.0,@CNN,"The federal official overseeing offshore drilling policy said there has been no ""official decision"" that Florida is‚Ä¶ https://t.co/x6fMGOC1CT",28
229,0.3597,Fri Jan 19 23:23:03 +0000 2018,0.096,0.719,0.185,@CNN,The 10 most powerful lines from Aly Raisman at Larry Nassar's sentencing https://t.co/M1jl80QQsZ https://t.co/fKzkJHdxsr,29
230,0.25,Fri Jan 19 23:10:04 +0000 2018,0.0,0.913,0.087,@CNN,Buyers who sign up early for new Trump-branded apartments in India are being given the chance to meet with Donald T‚Ä¶ https://t.co/OyMuPgomDT,30
231,0.624,Fri Jan 19 23:00:52 +0000 2018,0.0,0.796,0.204,@CNN,People keep eating one of Procter &amp; Gamble's most successful innovations in years: Tide Pods https://t.co/sfzZBuqNMc https://t.co/iYQAvTo7PU,31
232,0.2023,Fri Jan 19 22:56:59 +0000 2018,0.088,0.787,0.125,@CNN,"Protesters gather in a US Senate office building in Washington, chanting in support of protection for Dreamers as t‚Ä¶ https://t.co/eyeq1FAxXo",32
233,0.3182,Fri Jan 19 22:50:11 +0000 2018,0.169,0.547,0.284,@CNN,US troops helped Somalia's security forces rescue approximately 30 children from a terror camp‚Ä¶ https://t.co/VK9RYnLFiY,33
234,-0.743,Fri Jan 19 22:40:09 +0000 2018,0.249,0.751,0.0,@CNN,"Michael Phelps, the most decorated Olympian of all time, opened up about his battle with depression and said he con‚Ä¶ https://t.co/q6Hj6eOrNK",34
235,-0.2263,Fri Jan 19 22:35:05 +0000 2018,0.101,0.899,0.0,@CNN,House conservatives are demanding public release of a memo detailing allegations of FBI missteps during the 2016 el‚Ä¶ https://t.co/Rf6kRYawrG,35
236,-0.25,Fri Jan 19 22:30:09 +0000 2018,0.175,0.714,0.11,@CNN,The list of actors refusing to work with Woody Allen is growing https://t.co/cldRdosbXV,36
237,0.0,Fri Jan 19 22:20:13 +0000 2018,0.0,1.0,0.0,@CNN,"Delta flies 250,000 service animals a year. Now the rules are changing. https://t.co/grpfOg7oJg https://t.co/ZabaHvIeOh",37
238,0.0644,Fri Jan 19 22:10:08 +0000 2018,0.0,0.935,0.065,@CNN,"Secretary of Defense James Mattis says military will ""continue what we are doing"" but government shutdown will have‚Ä¶ https://t.co/lYUil7OroI",38
239,0.5945,Fri Jan 19 22:04:21 +0000 2018,0.0,0.787,0.213,@CNN,"RT @TheLeadCNN: Anthony Scaramucci says ""elites"" don't understand when President Trump is joking. Watch more on a CNN special report tonigh‚Ä¶",39
240,0.5106,Fri Jan 19 22:00:13 +0000 2018,0.0,0.852,0.148,@CNN,Former FBI Director James Comey will teach a course on ethical leadership at William and Mary beginning in the fall‚Ä¶ https://t.co/A8reYijFli,40
241,0.0,Fri Jan 19 21:45:04 +0000 2018,0.0,1.0,0.0,@CNN,Why isn't the Stormy Daniels story a bigger deal? | Analysis by CNN's Chris Cillizza https://t.co/BJhltiP40N https://t.co/GbFOgJdGaP,41
242,0.4019,Fri Jan 19 21:41:03 +0000 2018,0.187,0.565,0.247,@CNN,"US Supreme Court Justice Sonia Sotomayor suffered ""symptoms of low blood sugar"" and paramedics were called to her h‚Ä¶ https://t.co/D5clp317FM",42
243,0.0,Fri Jan 19 21:35:07 +0000 2018,0.0,1.0,0.0,@CNN,"Democratic House Intel member alleges that ""there is plenty of evidence to suggest"" Trump Organization money launde‚Ä¶ https://t.co/o56Zy0YOv3",43
244,-0.0276,Fri Jan 19 21:30:21 +0000 2018,0.108,0.788,0.103,@CNN,"NEW POLL: Which is more important for Congress to do?

- Avoid a shutdown: 56%
- Continue DACA program: 34%‚Ä¶ https://t.co/iFfSTT43Fm",44
245,0.4767,Fri Jan 19 21:24:06 +0000 2018,0.0,0.763,0.237,@CNN,CNN Poll: President Trump's approval rating edges up to 40% https://t.co/tSdqXC2Yzr,45
246,0.5267,Fri Jan 19 21:20:12 +0000 2018,0.0,0.833,0.167,@CNN,Justice Department says it will re-try Democratic New Jersey Sen. Bob Menendez on bribery and corruption charges‚Ä¶ https://t.co/usqYhEaoez,46
247,0.3804,Fri Jan 19 21:12:02 +0000 2018,0.0,0.88,0.12,@CNN,"NEW POLL: Who would be most responsible for a government shutdown?
-Donald Trump: 21%
-GOP in Congress 26%
-Dems in‚Ä¶ https://t.co/WEnMxNoCPK",47
248,0.0,Fri Jan 19 21:00:05 +0000 2018,0.0,1.0,0.0,@CNN,Senate Minority Leader Chuck Schumer and President Donald Trump met at the White House just hours ahead of the dead‚Ä¶ https://t.co/Obv1pvWXxN,48
249,-0.1027,Fri Jan 19 20:50:07 +0000 2018,0.076,0.924,0.0,@CNN,"Just weeks before the 2016 presidential election, President Trump's lawyer formed a private LLC to pay a former por‚Ä¶ https://t.co/xZ6XMF1Wsy",49
250,0.0,Fri Jan 19 20:40:15 +0000 2018,0.0,1.0,0.0,@CNN,The newsroom employees of the Los Angeles Times have voted to form a union https://t.co/SAwRF9XHmj https://t.co/Egl4PgyanV,50
251,-0.25,Fri Jan 19 20:30:04 +0000 2018,0.175,0.714,0.11,@CNN,The list of actors refusing to work with Woody Allen is growing https://t.co/BDNNjajm7t,51
252,-0.0516,Fri Jan 19 20:21:16 +0000 2018,0.07,0.93,0.0,@CNN,President Donald Trump touted his administration's anti-abortion record during remarks broadcast to the March for L‚Ä¶ https://t.co/qMbquL3p3t,52
253,0.5994,Fri Jan 19 20:10:07 +0000 2018,0.0,0.786,0.214,@CNN,The Supreme Court says it will take up a challenge to the latest version of President Donald Trump's travel ban‚Ä¶ https://t.co/UN5ctGnYBI,53
254,0.0,Fri Jan 19 20:00:37 +0000 2018,0.0,1.0,0.0,@CNN,"The year in Melania: an immigrant, a fashion model, a third wife and, by her own account, a notoriously private wom‚Ä¶ https://t.co/zlbbNYeR9O",54
255,0.5096,Fri Jan 19 19:50:11 +0000 2018,0.0,0.838,0.162,@CNN,"Baltimore's mayor just ousted the police commissioner, saying the city wasn't reducing violence fast enough. In 201‚Ä¶ https://t.co/uB1x0IawS7",55
256,0.0,Fri Jan 19 19:40:08 +0000 2018,0.0,1.0,0.0,@CNN,This doctor delivered a baby while traveling on an international flight https://t.co/dpTcpwS9Rn https://t.co/0Xx0HAALn3,56
257,-0.743,Fri Jan 19 19:30:03 +0000 2018,0.249,0.751,0.0,@CNN,"Michael Phelps, the most decorated Olympian of all time, opened up about his battle with depression and said he con‚Ä¶ https://t.co/YzBKxgnfgP",57
258,0.0,Fri Jan 19 19:20:04 +0000 2018,0.0,1.0,0.0,@CNN,L'Oreal Paris is breaking barriers and making history by featuring a hijab-wearing woman in a hair campaign‚Ä¶ https://t.co/Wl4TfjT8F8,58
259,-0.1027,Fri Jan 19 19:10:17 +0000 2018,0.069,0.931,0.0,@CNN,"Russian President Vladimir Putin took a dip in freezing water to mark the feast of the Epiphany, part of a traditio‚Ä¶ https://t.co/UnhS3qTp1l",59
260,0.0,Fri Jan 19 19:00:33 +0000 2018,0.0,1.0,0.0,@CNN,A Year of Resistance: An abridged timeline of a year of mobilizations and movement-building following the Women‚Äôs M‚Ä¶ https://t.co/z3t9kl6PYI,60
261,0.5106,Fri Jan 19 18:59:13 +0000 2018,0.0,0.852,0.148,@CNN,Former FBI Director James Comey will teach a course on ethical leadership at William and Mary beginning in the fall‚Ä¶ https://t.co/JLsGt6dSGO,61
262,0.1779,Fri Jan 19 18:44:56 +0000 2018,0.0,0.925,0.075,@CNN,"Amazon says the cost of a monthly Prime membership will go from $10.99 to $12.99, up 18%. The cost for students wil‚Ä¶ https://t.co/bnVYqC8zRf",62
263,0.296,Fri Jan 19 18:34:12 +0000 2018,0.0,0.896,0.104,@CNN,RT @CNNPhotos: Photographers who cover the White House share their most memorable images from Trump‚Äôs first year in office: https://t.co/8e‚Ä¶,63
264,-0.8571,Fri Jan 19 18:24:49 +0000 2018,0.297,0.703,0.0,@CNN,"‚ÄúLarry, you do realize now that we, this group of women you so heartlessly abused over such a long period of time,‚Ä¶ https://t.co/SB7iCOoO48",64
265,-0.6597,Fri Jan 19 18:10:10 +0000 2018,0.196,0.804,0.0,@CNN,"Scientists have developed an experimental blood test that may be able to detect 8 types of cancer, study says https://t.co/FTRtr9AkUe",65
266,0.0,Fri Jan 19 18:01:50 +0000 2018,0.0,1.0,0.0,@CNN,A source close to the meeting between Trump and Schumer says ‚Äúit's a signal Trump wants a deal. Let's see.‚Äù https://t.co/QLluqjcY6q,66
267,0.0,Fri Jan 19 18:00:07 +0000 2018,0.0,1.0,0.0,@CNN,President Trump and Senate Minority Leader Chuck Schumer are meeting at the White House hours ahead of the governme‚Ä¶ https://t.co/EYDjZtZt4c,67
268,-0.3612,Fri Jan 19 17:50:03 +0000 2018,0.195,0.683,0.122,@CNN,"Former Trump administration appointee Carl Higbie apologizes for the racist, sexist, anti-Muslim and anti-LGBT comm‚Ä¶ https://t.co/CgUfnyo80p",68
269,0.0,Fri Jan 19 17:40:15 +0000 2018,0.0,1.0,0.0,@CNN,"National parks will stay open if there is a government shutdown, the White House says https://t.co/YYiOBf0it1 https://t.co/kfhHHQ5myq",69
270,-0.128,Fri Jan 19 17:31:35 +0000 2018,0.067,0.933,0.0,@CNN,"President Trump is speaking via video feed to the March for Life gathering in Washington, where he will tout his ad‚Ä¶ https://t.co/b8RWKWMtr4",70
271,-0.7964,Fri Jan 19 17:30:21 +0000 2018,0.272,0.728,0.0,@CNN,"The flu, which is now widespread in 49 states, has killed 30 children, and officials say it hasn't yet peaked‚Ä¶ https://t.co/f7Uua8f7Pk",71
272,0.0,Fri Jan 19 17:20:05 +0000 2018,0.0,1.0,0.0,@CNN,Members of the US House of Representatives ‚Äî which passed a short-term spending bill last night ‚Äî have been instruc‚Ä¶ https://t.co/h2ojGkTwZ8,72
273,0.0,Fri Jan 19 17:10:15 +0000 2018,0.0,1.0,0.0,@CNN,"White House slams Democrats, preps for government shutdown https://t.co/r5cc46JcBV https://t.co/XrJKX0vzkM",73
274,-0.2732,Fri Jan 19 17:03:59 +0000 2018,0.11,0.89,0.0,@CNN,"A heart-warming concert for one: After this 93-year-old man in Mansfield, England was the victim of theft, a police‚Ä¶ https://t.co/5ChKkHPzIL",74
275,-0.25,Fri Jan 19 17:01:03 +0000 2018,0.095,0.905,0.0,@CNN,The Women‚Äôs March brought millions to the streets for a historic day of protest the day after President Trump‚Äôs ina‚Ä¶ https://t.co/srNynr6lN8,75
276,-0.296,Fri Jan 19 16:50:22 +0000 2018,0.099,0.901,0.0,@CNN,"White House budget director Mick Mulvaney on a potential shutdown: ""There is no way you could lay this at the feet‚Ä¶ https://t.co/7NNqxZQmIM",76
277,0.3612,Fri Jan 19 16:27:38 +0000 2018,0.0,0.894,0.106,@CNN,"RT @CNNPolitics: White House Director of Legislative Affairs Marc Short: ""The President stands ready to sign that bill to keep the governme‚Ä¶",77
278,0.0,Fri Jan 19 16:19:23 +0000 2018,0.0,1.0,0.0,@CNN,White House officials talk about the potential government shutdown. Watch live: https://t.co/vhkaPaA3uB https://t.co/ctMTLXQKYA,78
279,0.5096,Fri Jan 19 15:58:06 +0000 2018,0.0,0.838,0.162,@CNN,"Baltimore's mayor just ousted the police commissioner, saying the city wasn't reducing violence fast enough. In 201‚Ä¶ https://t.co/3a8UazerxM",79
280,-0.1027,Fri Jan 19 15:50:12 +0000 2018,0.076,0.924,0.0,@CNN,"Just weeks before the 2016 presidential election, President Trump's lawyer formed a private LLC to pay a former por‚Ä¶ https://t.co/xcBNTjWKN1",80
281,0.0,Fri Jan 19 15:48:31 +0000 2018,0.0,1.0,0.0,@CNN,JUST IN: The first guest to appear on The #VanJonesShow will be Jay-Z. Catch @vanjones68 and @S_C_ January 27 at 7p‚Ä¶ https://t.co/29gsxXDdCj,81
282,0.4215,Fri Jan 19 15:40:11 +0000 2018,0.0,0.843,0.157,@CNN,The United States could soon be pumping more oil than any country on earth https://t.co/eRy3izrqXa https://t.co/fUP7cviR2L,82
283,0.5106,Fri Jan 19 15:30:11 +0000 2018,0.0,0.852,0.148,@CNN,Former FBI Director James Comey will teach a course on ethical leadership at William and Mary beginning in the fall‚Ä¶ https://t.co/1enguR97iz,83
284,-0.25,Fri Jan 19 15:20:36 +0000 2018,0.095,0.905,0.0,@CNN,The Women‚Äôs March brought millions to the streets for a historic day of protest the day after President Trump‚Äôs ina‚Ä¶ https://t.co/8YADz5Y1Gf,84
285,-0.1901,Fri Jan 19 15:10:10 +0000 2018,0.099,0.901,0.0,@CNN,"Women who marched, one year later: 'We are exhausted but we're here and we're still marching'‚Ä¶ https://t.co/E5nL109XRu",85
286,-0.3182,Fri Jan 19 15:00:15 +0000 2018,0.108,0.892,0.0,@CNN,Trump appointee Carl Higbie resigns as the public face of agency that runs AmeriCorps after a #KFile review of raci‚Ä¶ https://t.co/1kG4KmyTu9,86
287,0.0,Fri Jan 19 14:50:07 +0000 2018,0.0,1.0,0.0,@CNN,The Trump administration has settled on a location for the new US embassy in Jerusalem and plans to move into the f‚Ä¶ https://t.co/tNC94ITjgx,87
288,0.128,Fri Jan 19 14:40:10 +0000 2018,0.12,0.737,0.143,@CNN,"Scientists worldwide are seeking improved and universal flu vaccines. In one new study, researchers used a mutant i‚Ä¶ https://t.co/4DTlWndnJR",88
289,-0.3182,Fri Jan 19 14:30:21 +0000 2018,0.108,0.892,0.0,@CNN,"""While Washington fixates over the partisan stakes of the funding drama, the real victims of the latest lurch into‚Ä¶ https://t.co/yoqxmORHP4",89
290,0.0,Fri Jan 19 14:20:07 +0000 2018,0.0,1.0,0.0,@CNN,"The year in Melania: an immigrant, a fashion model, a third wife and, by her own account, a notoriously private wom‚Ä¶ https://t.co/hJdqx0npIl",90
291,0.0,Fri Jan 19 14:10:08 +0000 2018,0.0,1.0,0.0,@CNN,"If the federal government shuts down:

- About 1.3M active-duty military will be expected to work potentially witho‚Ä¶ https://t.co/uzmrosedpW",91
292,0.0,Fri Jan 19 14:00:10 +0000 2018,0.0,1.0,0.0,@CNN,"President Trump was scheduled to head to Mar-a-Lago hours before the government might shut down. Now, an official s‚Ä¶ https://t.co/2YYWfAZmzh",92
293,0.0,Fri Jan 19 13:57:50 +0000 2018,0.0,1.0,0.0,@CNN,"RT @NewDay: ""The only person who seems to wants a government shutdown is the President"" says Democratic Sen. Tina Smith https://t.co/Ej6CET‚Ä¶",93
294,0.5859,Fri Jan 19 13:50:06 +0000 2018,0.09,0.641,0.269,@CNN,Big companies used to pay the best wages. Not anymore https://t.co/y0MaUFjndM https://t.co/b6XGhWnTl4,94
295,-0.7964,Fri Jan 19 13:41:13 +0000 2018,0.283,0.717,0.0,@CNN,"RT @natemcdermott: In addition to racist, sexist, anti-Muslim and anti-LGBT comments, Trump nominee said veterans suffering from PTSD had ""‚Ä¶",95
296,-0.7506,Fri Jan 19 13:40:06 +0000 2018,0.252,0.748,0.0,@CNN,Chained to their beds for weeks at a time. Showered only once a year. Beaten and starved. Life for the Turpin famil‚Ä¶ https://t.co/o1a2Ir0NUg,96
297,-0.2732,Fri Jan 19 13:30:11 +0000 2018,0.108,0.837,0.054,@CNN,"The Senate is racing to reach a spending deal to avoid a government shutdown, ahead of the one-year anniversary of‚Ä¶ https://t.co/muwZy0rfV9",97
298,-0.3182,Fri Jan 19 13:20:12 +0000 2018,0.108,0.892,0.0,@CNN,Trump appointee Carl Higbie resigns as the public face of agency that runs AmeriCorps after a #KFile review of raci‚Ä¶ https://t.co/W4g6U548qM,98
299,0.0,Fri Jan 19 13:02:04 +0000 2018,0.0,1.0,0.0,@CNN,"RT @NewDay: A Trump voter defends the President over his ""Access Hollywood"" comments, saying ""his words are taken out of context ... He's n‚Ä¶",99
300,0.25,Fri Jan 19 23:51:26 +0000 2018,0.103,0.701,0.196,@FoxNews,".@mercedesschlapp: ""[@POTUS] wants a permanent fix with the DACA recipients as well as ensuring that we stop a seco‚Ä¶ https://t.co/s3np0dkBAT",0
301,0.0,Fri Jan 19 23:51:15 +0000 2018,0.0,1.0,0.0,@FoxNews,Economy changes - Current vs. January 2017. https://t.co/gkbBxjzl5w,1
302,0.4939,Fri Jan 19 23:50:58 +0000 2018,0.0,0.714,0.286,@FoxNews,Patriotic 7th-Grader Climbs Tree to Save American Flag              https://t.co/CC0JFYaYdg,2
303,0.3182,Fri Jan 19 23:40:22 +0000 2018,0.0,0.753,0.247,@FoxNews,Poll: Who will be responsible for shutdown? https://t.co/0d9Repvt3p,3
304,0.0,Fri Jan 19 23:35:10 +0000 2018,0.0,1.0,0.0,@FoxNews,"On @foxandfriends, @michellemalkin slammed Democrats who might force a government shutdown over DACA.‚Ä¶ https://t.co/Je8YJ702aW",4
305,0.4404,Fri Jan 19 23:32:39 +0000 2018,0.0,0.847,0.153,@FoxNews,".@SenTomCotton: ""I hope @POTUS talks some sense into @SenSchumer and @TheDemocrats so we don't have the‚Ä¶ https://t.co/ygZXbulVXy",5
306,0.0,Fri Jan 19 23:31:31 +0000 2018,0.0,1.0,0.0,@FoxNews,California's bullet train (and biggest boondoggle) is over budget by billions https://t.co/TF56f5aKD9,6
307,0.0,Fri Jan 19 23:23:19 +0000 2018,0.0,1.0,0.0,@FoxNews,"Earlier today, @SenSanders had a blunt message for his Republican colleagues. https://t.co/iOUiQslpiK https://t.co/OisdP26ZsT",7
308,0.0,Fri Jan 19 23:22:14 +0000 2018,0.0,1.0,0.0,@FoxNews,How Bill Gates' daughter lives: Instagram posts showcase spectacular globe-trotting lifestyle https://t.co/zh7mlsdVXf,8
309,0.0772,Fri Jan 19 23:18:00 +0000 2018,0.0,0.822,0.178,@FoxNews,.@YouTube bans Tide Pod challenge videos  https://t.co/9GLnhNcXaz,9
310,-0.5859,Fri Jan 19 23:13:00 +0000 2018,0.297,0.703,0.0,@FoxNews,Bill Cosby sexual assault retrial: What's happened so far https://t.co/dBuTyl4L5W,10
311,0.4939,Fri Jan 19 23:08:27 +0000 2018,0.0,0.714,0.286,@FoxNews,Patriotic 7th-Grader Climbs Tree to Save American Flag https://t.co/CC0JFYaYdg,11
312,-0.5106,Fri Jan 19 23:02:54 +0000 2018,0.19,0.741,0.069,@FoxNews,".@SenateMajLdr: ""Extreme elements of [@TheDemocrats'] base want illegal immigration to crowd out every other priori‚Ä¶ https://t.co/CaCOFYlqsd",12
313,0.0,Fri Jan 19 23:01:01 +0000 2018,0.0,1.0,0.0,@FoxNews,CNN star Jim Acosta scolded by Mick Mulvaney amid ‚ÄòSchumer Shutdown‚Äô briefing https://t.co/9PZ9FjEm23,13
314,0.0,Fri Jan 19 22:51:02 +0000 2018,0.0,1.0,0.0,@FoxNews,"Omarosa trying to lawyer up, may have secretly taped White House conversations https://t.co/J8SKHJNsY9",14
315,0.4215,Fri Jan 19 22:40:10 +0000 2018,0.0,0.811,0.189,@FoxNews,"Moments ago, President @realDonaldTrump tweeted that he was ""making progress"" with @SenSchumer. https://t.co/fr38VqVUEk",15
316,0.0,Fri Jan 19 22:31:40 +0000 2018,0.0,1.0,0.0,@FoxNews,".@JesseBWatters: ""I've never seen Congressmen act this apoplectic before."" #TheFive https://t.co/2BvzNmNmyX",16
317,0.3612,Fri Jan 19 22:23:04 +0000 2018,0.0,0.706,0.294,@FoxNews,Do you agree with @SenWarren? https://t.co/TyDDuAgUtZ https://t.co/SG0I6H5ugZ,17
318,0.0,Fri Jan 19 22:19:38 +0000 2018,0.0,1.0,0.0,@FoxNews,"Trump may dis NBC News, skip pre-Super Bowl interview https://t.co/CA4Hf43hJy",18
319,-0.5574,Fri Jan 19 22:15:05 +0000 2018,0.184,0.816,0.0,@FoxNews,".@MichelleMalkin: ""@TheDemocrats are going to shut the government down because of 800,000 illegal aliens. Have they‚Ä¶ https://t.co/CgiorSGjGS",19
320,0.25,Fri Jan 19 23:51:26 +0000 2018,0.103,0.701,0.196,@FoxNews,".@mercedesschlapp: ""[@POTUS] wants a permanent fix with the DACA recipients as well as ensuring that we stop a seco‚Ä¶ https://t.co/s3np0dkBAT",20
321,0.0,Fri Jan 19 23:51:15 +0000 2018,0.0,1.0,0.0,@FoxNews,Economy changes - Current vs. January 2017. https://t.co/gkbBxjzl5w,21
322,0.4939,Fri Jan 19 23:50:58 +0000 2018,0.0,0.714,0.286,@FoxNews,Patriotic 7th-Grader Climbs Tree to Save American Flag              https://t.co/CC0JFYaYdg,22
323,0.3182,Fri Jan 19 23:40:22 +0000 2018,0.0,0.753,0.247,@FoxNews,Poll: Who will be responsible for shutdown? https://t.co/0d9Repvt3p,23
324,0.0,Fri Jan 19 23:35:10 +0000 2018,0.0,1.0,0.0,@FoxNews,"On @foxandfriends, @michellemalkin slammed Democrats who might force a government shutdown over DACA.‚Ä¶ https://t.co/Je8YJ702aW",24
325,0.4404,Fri Jan 19 23:32:39 +0000 2018,0.0,0.847,0.153,@FoxNews,".@SenTomCotton: ""I hope @POTUS talks some sense into @SenSchumer and @TheDemocrats so we don't have the‚Ä¶ https://t.co/ygZXbulVXy",25
326,0.0,Fri Jan 19 23:31:31 +0000 2018,0.0,1.0,0.0,@FoxNews,California's bullet train (and biggest boondoggle) is over budget by billions https://t.co/TF56f5aKD9,26
327,0.0,Fri Jan 19 23:23:19 +0000 2018,0.0,1.0,0.0,@FoxNews,"Earlier today, @SenSanders had a blunt message for his Republican colleagues. https://t.co/iOUiQslpiK https://t.co/OisdP26ZsT",27
328,0.0,Fri Jan 19 23:22:14 +0000 2018,0.0,1.0,0.0,@FoxNews,How Bill Gates' daughter lives: Instagram posts showcase spectacular globe-trotting lifestyle https://t.co/zh7mlsdVXf,28
329,0.0772,Fri Jan 19 23:18:00 +0000 2018,0.0,0.822,0.178,@FoxNews,.@YouTube bans Tide Pod challenge videos  https://t.co/9GLnhNcXaz,29
330,-0.5859,Fri Jan 19 23:13:00 +0000 2018,0.297,0.703,0.0,@FoxNews,Bill Cosby sexual assault retrial: What's happened so far https://t.co/dBuTyl4L5W,30
331,0.4939,Fri Jan 19 23:08:27 +0000 2018,0.0,0.714,0.286,@FoxNews,Patriotic 7th-Grader Climbs Tree to Save American Flag https://t.co/CC0JFYaYdg,31
332,-0.5106,Fri Jan 19 23:02:54 +0000 2018,0.19,0.741,0.069,@FoxNews,".@SenateMajLdr: ""Extreme elements of [@TheDemocrats'] base want illegal immigration to crowd out every other priori‚Ä¶ https://t.co/CaCOFYlqsd",32
333,0.0,Fri Jan 19 23:01:01 +0000 2018,0.0,1.0,0.0,@FoxNews,CNN star Jim Acosta scolded by Mick Mulvaney amid ‚ÄòSchumer Shutdown‚Äô briefing https://t.co/9PZ9FjEm23,33
334,0.0,Fri Jan 19 22:51:02 +0000 2018,0.0,1.0,0.0,@FoxNews,"Omarosa trying to lawyer up, may have secretly taped White House conversations https://t.co/J8SKHJNsY9",34
335,0.4215,Fri Jan 19 22:40:10 +0000 2018,0.0,0.811,0.189,@FoxNews,"Moments ago, President @realDonaldTrump tweeted that he was ""making progress"" with @SenSchumer. https://t.co/fr38VqVUEk",35
336,0.0,Fri Jan 19 22:31:40 +0000 2018,0.0,1.0,0.0,@FoxNews,".@JesseBWatters: ""I've never seen Congressmen act this apoplectic before."" #TheFive https://t.co/2BvzNmNmyX",36
337,0.3612,Fri Jan 19 22:23:04 +0000 2018,0.0,0.706,0.294,@FoxNews,Do you agree with @SenWarren? https://t.co/TyDDuAgUtZ https://t.co/SG0I6H5ugZ,37
338,0.0,Fri Jan 19 22:19:38 +0000 2018,0.0,1.0,0.0,@FoxNews,"Trump may dis NBC News, skip pre-Super Bowl interview https://t.co/CA4Hf43hJy",38
339,-0.5574,Fri Jan 19 22:15:05 +0000 2018,0.184,0.816,0.0,@FoxNews,".@MichelleMalkin: ""@TheDemocrats are going to shut the government down because of 800,000 illegal aliens. Have they‚Ä¶ https://t.co/CgiorSGjGS",39
340,0.4588,Fri Jan 19 22:13:59 +0000 2018,0.0,0.833,0.167,@FoxNews,"Las Vegas shooter Paddock had child porn on computer, FBI investigating person of interest: sheriff https://t.co/kg0x0bQv94",40
341,-0.296,Fri Jan 19 22:08:38 +0000 2018,0.115,0.885,0.0,@FoxNews,".@kimguilfoyle: ""The American people can see through it... There's no need go through these kind of machinations.""‚Ä¶ https://t.co/cgkABn6rxD",41
342,0.7351,Fri Jan 19 22:05:38 +0000 2018,0.0,0.625,0.375,@FoxNews,".@SenSchumer: ""We made some progress, but we still have a good number of disagreements."" https://t.co/TyDDuAyvSz https://t.co/hqUliqkMGO",42
343,0.0,Fri Jan 19 22:05:37 +0000 2018,0.0,1.0,0.0,@FoxNews,".@JesseBWatters: ""DREAMers have nothing to do with the budget."" #TheFive https://t.co/g97Kw4B2T1",43
344,-0.3612,Fri Jan 19 22:03:01 +0000 2018,0.128,0.872,0.0,@FoxNews,".@JesseBWatters: ""This country's run by imbeciles. We're $20 trillion in debt. We do this every single year.""‚Ä¶ https://t.co/v6PJRkj371",44
345,0.0,Fri Jan 19 22:00:51 +0000 2018,0.0,1.0,0.0,@FoxNews,It's time for #TheFive - Tune in now on Fox News Channel! https://t.co/s4drfbza7z,45
346,0.0,Fri Jan 19 22:00:36 +0000 2018,0.0,1.0,0.0,@FoxNews,".@VP: ""[@realDonaldTrump] is the most pro-life president in American history."" #MarchforLife https://t.co/QQxbjdaLmK",46
347,0.0,Fri Jan 19 21:53:01 +0000 2018,0.0,1.0,0.0,@FoxNews,Dow milestones since election. https://t.co/4OLmoTbvYe,47
348,0.0,Fri Jan 19 21:51:03 +0000 2018,0.0,1.0,0.0,@FoxNews,"President @realDonaldTrump made history today, becoming the first sitting president to address @March_for_Life.‚Ä¶ https://t.co/D0Qafj1hrr",48
349,0.0,Fri Jan 19 21:46:06 +0000 2018,0.0,1.0,0.0,@FoxNews,Dow - under Trump Administration. https://t.co/hz1zdkmIUe,49
350,0.0,Fri Jan 19 21:40:35 +0000 2018,0.0,1.0,0.0,@FoxNews,Dow - First year in office: FDR vs. @POTUS vs. @BarackObama vs. Teddy Roosevelt. https://t.co/lGOchZnGSU,50
351,0.0,Fri Jan 19 21:37:29 +0000 2018,0.0,1.0,0.0,@FoxNews,"John Layfield on the economy: ""Now we're trading on corporate earnings and underlying economy and tax plan which is‚Ä¶ https://t.co/9WBaIDIUSq",51
352,0.0,Fri Jan 19 21:25:12 +0000 2018,0.0,1.0,0.0,@FoxNews,A look back at every government shutdown in U.S. history https://t.co/bvJ0IoGuxT,52
353,-0.4939,Fri Jan 19 21:21:26 +0000 2018,0.158,0.842,0.0,@FoxNews,".@SpeakerRyan: ""This is nothing more than legislative hostage-taking, and the collateral damage in this are the men‚Ä¶ https://t.co/56F5o1MYm0",53
354,0.0,Fri Jan 19 21:17:04 +0000 2018,0.0,1.0,0.0,@FoxNews,Feds to retry Senator Bob Menendez in bribery case https://t.co/iL5LzqTbWr,54
355,-0.2263,Fri Jan 19 21:07:47 +0000 2018,0.16,0.84,0.0,@FoxNews,.@NancyPelosi will guest judge on 'RuPaul's Drag Race: All Stars' https://t.co/UpT0AkleMo,55
356,0.6369,Fri Jan 19 21:05:22 +0000 2018,0.0,0.819,0.181,@FoxNews,"""The @March_for_Life is a movement born out of love... You love every child, born and unborn, b/c you believe that‚Ä¶ https://t.co/c3P1epvkLZ",56
357,0.0,Fri Jan 19 21:01:03 +0000 2018,0.0,1.0,0.0,@FoxNews,".@DiamondandSilk: ""These DACA DREAMers are not children. These are adults. And what they should've done is get in l‚Ä¶ https://t.co/cRx5z809XL",57
358,0.2716,Fri Jan 19 20:49:06 +0000 2018,0.0,0.878,0.122,@FoxNews,".@LawrenceBJones3: ""@TheDemocrats.... are saying the issues of non-citizens are more important than funding our gov‚Ä¶ https://t.co/rD9I2ZTsW3",58
359,0.0,Fri Jan 19 20:48:41 +0000 2018,0.0,1.0,0.0,@FoxNews,"Incredible video shows the massive ice jam along the Connecticut River that prompted officials to declare an ""emerg‚Ä¶ https://t.co/DzvH31OLSj",59
360,0.4939,Fri Jan 19 20:40:32 +0000 2018,0.0,0.802,0.198,@FoxNews,"On @foxandfriends, @KellyannePolls praised President @realDonaldTrump's pro-life record in advance of his speaking‚Ä¶ https://t.co/oI1boSegla",60
361,0.0,Fri Jan 19 20:36:46 +0000 2018,0.0,1.0,0.0,@FoxNews,"On @foxandfriends, @DiamondandSilk slammed @TheDemocrats for potentially causing a government shutdown over DACA re‚Ä¶ https://t.co/Flp1dwuwyl",61
362,-0.296,Fri Jan 19 20:32:42 +0000 2018,0.18,0.82,0.0,@FoxNews,Michael Douglas accused of masturbating in front of former employee https://t.co/w1vF6GFtQW,62
363,0.4404,Fri Jan 19 20:27:40 +0000 2018,0.0,0.847,0.153,@FoxNews,".@SenTomCotton: ""I hope @POTUS talks some sense into @SenSchumer and @TheDemocrats so we don't have the‚Ä¶ https://t.co/1VtgOqmOO9",63
364,0.0,Fri Jan 19 20:18:47 +0000 2018,0.0,1.0,0.0,@FoxNews,"On @foxandfriends, @michellemalkin slammed Democrats who might force a government shutdown over DACA.‚Ä¶ https://t.co/Qg9CeydImy",64
365,-0.3612,Fri Jan 19 20:13:19 +0000 2018,0.111,0.889,0.0,@FoxNews,"RT @FoxNewsResearch: Trump &amp; Schumer:
‚Ä¢9/6-@POTUS bucks GOP for deal w/ Schumer/Pelosi to raise debt limit, fund govt for 3 mths
‚Ä¢11/1-Day‚Ä¶",65
366,0.4404,Fri Jan 19 19:46:54 +0000 2018,0.0,0.847,0.153,@FoxNews,".@SenTomCotton: ""I hope @POTUS talks some sense into @SenSchumer and @TheDemocrats so we don't have the‚Ä¶ https://t.co/SVHkrcB63v",66
367,0.25,Fri Jan 19 19:40:00 +0000 2018,0.103,0.701,0.196,@FoxNews,".@mercedesschlapp: ""[@POTUS] wants a permanent fix with the DACA recipients as well as ensuring that we stop a seco‚Ä¶ https://t.co/ENYgwMRM4E",67
368,0.0,Fri Jan 19 19:37:39 +0000 2018,0.0,1.0,0.0,@FoxNews,"NEW SERIES: Fox News launches ‚ÄúScandalous."" The first seven-episode installment chronicles the events that ultimate‚Ä¶ https://t.co/xKT4hztANq",68
369,-0.1706,Fri Jan 19 19:35:24 +0000 2018,0.143,0.753,0.104,@FoxNews,".@mercedesschlapp: ""@TheDemocrats are really feeling the pressure right now because they're actually opposing a bil‚Ä¶ https://t.co/STPwurYtHn",69
370,0.0,Fri Jan 19 19:34:16 +0000 2018,0.0,1.0,0.0,@FoxNews,"Pennsylvania man performed 'satanic ritual' on passed-out woman, police say https://t.co/XedrvOwuzl",70
371,0.0772,Fri Jan 19 19:26:23 +0000 2018,0.0,0.915,0.085,@FoxNews,".@LindseyGrahamSC on government shutdown: ""Negotiations are complicated. These are emotional issues but I think we'‚Ä¶ https://t.co/0XMgHwpNNf",71
372,0.0,Fri Jan 19 19:24:43 +0000 2018,0.0,1.0,0.0,@FoxNews,".@LindseyGrahamSC on government shutdown: ""We will not get a deal done until @POTUS tells us he's behind it.""‚Ä¶ https://t.co/2EVVSADYey",72
373,0.0,Fri Jan 19 18:57:34 +0000 2018,0.0,1.0,0.0,@FoxNews,".@KimKardashian, Kanye West name baby daughter Chicago  https://t.co/7FW3xONIqZ",73
374,0.0,Fri Jan 19 18:53:11 +0000 2018,0.0,1.0,0.0,@FoxNews,.@ICEgov Director Hits Back at CA Dems Over Possible Raids https://t.co/noR7AZ9IWA https://t.co/qWVPiomNoZ,74
375,-0.1139,Fri Jan 19 18:50:02 +0000 2018,0.149,0.851,0.0,@FoxNews,".@SpeakerRyan: ""@POTUS doesn't want a shutdown. Republicans don't want a shutdown. The House passed a bill to preve‚Ä¶ https://t.co/AiMhCacoWV",75
376,0.0,Fri Jan 19 18:49:37 +0000 2018,0.0,1.0,0.0,@FoxNews,".@SpeakerRyan: ""This is absolutely needless, completely unnecessary, and wholly because of Senate Democrats trying‚Ä¶ https://t.co/TwKNZiLqUR",76
377,0.4588,Fri Jan 19 18:36:47 +0000 2018,0.0,0.85,0.15,@FoxNews,"Breaking News: Las Vegas shooter Paddock had child porn on computer, FBI investigating person of interest: sheriff https://t.co/71rirjN07A",77
378,-0.296,Fri Jan 19 18:31:27 +0000 2018,0.095,0.905,0.0,@FoxNews,".@RepDianeBlack: ""It's no longer as we thought some 45 years ago before we had the science that this a blob of tiss‚Ä¶ https://t.co/80XZgLaaAO",78
379,0.0,Fri Jan 19 18:29:28 +0000 2018,0.0,1.0,0.0,@FoxNews,Sen. Chuck Schumer meets with President Trump amid budget logjam after White House blasts 'Schumer Shutdown' https://t.co/bsRLg1K6Tl,79
380,0.0,Fri Jan 19 18:26:05 +0000 2018,0.0,1.0,0.0,@FoxNews,California's bullet train overbudget by billions https://t.co/B91TbKsAmV,80
381,0.4019,Fri Jan 19 18:25:14 +0000 2018,0.0,0.816,0.184,@FoxNews,".@SenJohnThune: ""Hopefully @POTUS is going to talk some sense into @SenSchumer."" #OutnumberedOT https://t.co/SncsQXkO44",81
382,0.34,Fri Jan 19 18:16:32 +0000 2018,0.0,0.844,0.156,@FoxNews,".@BobCusack: ""I think the odds of a shut-down are certainly more than 50/50."" #OutnumberedOT https://t.co/U7x03zVqMe",82
383,-0.34,Fri Jan 19 18:13:33 +0000 2018,0.124,0.876,0.0,@FoxNews,"'Come On, You Know the Answer to That': Mulvaney Pushes Back on CNN's Acosta Over Shutdown Blame https://t.co/VwXHi8AuXz",83
384,0.0,Fri Jan 19 17:54:10 +0000 2018,0.0,1.0,0.0,@FoxNews,"On @foxandfriends, @DiamondandSilk slammed @TheDemocrats for potentially causing a government shutdown over DACA re‚Ä¶ https://t.co/thfos8Zd5f",84
385,0.6369,Fri Jan 19 17:51:57 +0000 2018,0.0,0.819,0.181,@FoxNews,"""The @March_for_Life is a movement born out of love... You love every child, born and unborn, b/c you believe that‚Ä¶ https://t.co/23cLOpL4tp",85
386,0.5994,Fri Jan 19 17:50:33 +0000 2018,0.0,0.803,0.197,@FoxNews,"RT @FoxBusiness: .@NancyPelosi on the House GOP deal on children's health program: ""This is like giving you a bowl of doggy doo."" https://t‚Ä¶",86
387,0.5859,Fri Jan 19 17:50:24 +0000 2018,0.0,0.853,0.147,@FoxNews,"RT @FoxBusiness: .@Varneyco: ""Chalk up another win for the president. This year, the US will produce more oil than Saudi Arabia... That is‚Ä¶",87
388,0.0,Fri Jan 19 17:49:01 +0000 2018,0.0,1.0,0.0,@FoxNews,".@VP: ""[@realDonaldTrump] is the most pro-life president in American history."" #MarchforLife https://t.co/3z42OOVO9y",88
389,-0.1531,Fri Jan 19 17:45:55 +0000 2018,0.096,0.843,0.062,@FoxNews,BREAKING NEWS: Report: @POTUS invites @SenSchumer to @WhiteHouse to try to reach deal to avert shutdown. https://t.co/tiVTEp9RKx,89
390,0.6369,Fri Jan 19 17:39:58 +0000 2018,0.0,0.822,0.178,@FoxNews,".@POTUS: ""It is the gift of life itself - that is why we march. That is why we pray. And that is why we declare tha‚Ä¶ https://t.co/hnFrpp5rYB",90
391,0.0,Fri Jan 19 17:37:28 +0000 2018,0.0,1.0,0.0,@FoxNews,".@POTUS: ""We are protecting the sanctity of life and the family as the foundation of our society."" #MarchforLife https://t.co/Kup3kIy3Od",91
392,0.3818,Fri Jan 19 17:36:32 +0000 2018,0.0,0.86,0.14,@FoxNews,".@POTUS: ""On the National Day of Prayer, I signed an executive order to protect religious liberty."" #MarchforLife https://t.co/QVDNODMBUw",92
393,0.0,Fri Jan 19 17:35:49 +0000 2018,0.0,1.0,0.0,@FoxNews,".@POTUS: ""During my first week in office, I reinstated a policy first put in place by President Ronald Reagan: the‚Ä¶ https://t.co/Gq1BbyWRh5",93
394,0.0,Fri Jan 19 17:35:04 +0000 2018,0.0,1.0,0.0,@FoxNews,".@POTUS: ""Americans are more and more pro-life."" #MarchforLife https://t.co/6YK12fMkxk",94
395,0.0,Fri Jan 19 17:34:28 +0000 2018,0.0,1.0,0.0,@FoxNews,".@POTUS: ""Roe v. Wade has resulted in some of the most permissive abortion laws anywhere in the world.""‚Ä¶ https://t.co/29hEL3lskC",95
396,0.1027,Fri Jan 19 17:33:39 +0000 2018,0.0,0.928,0.072,@FoxNews,".@POTUS: ""Because of you, tens of thousands of Americans have been born and reached their full God-given potential.‚Ä¶ https://t.co/lsVzUiWvzR",96
397,0.9274,Fri Jan 19 17:32:59 +0000 2018,0.0,0.559,0.441,@FoxNews,".@POTUS: ""The @March_for_Life is a movement born out of love. You love your families. You love your neighbors. You‚Ä¶ https://t.co/9t2KXVNOYA",97
398,0.8016,Fri Jan 19 17:31:39 +0000 2018,0.0,0.735,0.265,@FoxNews,".@POTUS: ""I'm honored and really proud to be the first President to stand with you here at the @WhiteHouse to addre‚Ä¶ https://t.co/ZTIJITJ6Os",98
399,0.0,Fri Jan 19 17:30:57 +0000 2018,0.0,1.0,0.0,@FoxNews,".@POTUS: ""We have tens of thousands of people watching us right down the road."" #MarchforLife https://t.co/Xepj3pLLGb",99
400,0.1027,Fri Jan 19 23:53:09 +0000 2018,0.0,0.924,0.076,@nytimes,"Breaking News: Despite declaring Russia barred from the Winter Games, Olympic officials have cleared a path for hun‚Ä¶ https://t.co/4iTluNGNCs",0
401,0.0,Fri Jan 19 23:48:07 +0000 2018,0.0,1.0,0.0,@nytimes,Evening Briefing: Here's what you need to know at the end of the day https://t.co/EW8bf6DnP7,1
402,-0.0772,Fri Jan 19 23:33:02 +0000 2018,0.12,0.773,0.107,@nytimes,Pope Francis broke with protocol and left his popemobile to comfort a policewoman who was thrown from her horse dur‚Ä¶ https://t.co/RyXjbekThS,2
403,-0.4215,Fri Jan 19 23:18:04 +0000 2018,0.177,0.823,0.0,@nytimes,"Trump and Schumer end private talks with ""progress,‚Äô but no deal. Latest updates: https://t.co/iKLZvvDceo",3
404,0.3612,Fri Jan 19 23:03:10 +0000 2018,0.0,0.839,0.161,@nytimes,"Heartier than chicken soup, this classic comfort dish is decidedly more stewlike https://t.co/IsLYdy9ZUW https://t.co/j8eejitCgl",4
405,0.1531,Fri Jan 19 22:48:03 +0000 2018,0.088,0.8,0.112,@nytimes,"RT @JulietMacur: Why is the United States Olympic Committee protecting USA Gymnastics? Whatever the reason, it‚Äôs time for it to stop.  http‚Ä¶",5
406,-0.4767,Fri Jan 19 22:32:03 +0000 2018,0.238,0.642,0.121,@nytimes,The model Harry Uzoka died shortly after being found injured from a stabbing. Another model and his friend were cha‚Ä¶ https://t.co/FVQ5ZfQuXN,6
407,0.0,Fri Jan 19 22:16:12 +0000 2018,0.0,1.0,0.0,@nytimes,Facebook said it plans to prioritize high-quality news by allowing users to rank news sources they see as the most‚Ä¶ https://t.co/R0Mf8KtkYW,7
408,0.0,Fri Jan 19 22:01:05 +0000 2018,0.0,1.0,0.0,@nytimes,"New York City‚Äôs MTA plans to spend close to $4 billion to buy hundreds of new subway trains, a major investment to‚Ä¶ https://t.co/ocimSpqVQz",8
409,0.0,Fri Jan 19 21:46:03 +0000 2018,0.0,1.0,0.0,@nytimes,"For 30 years, black travelers navigating Jim Crow laws relied on ‚ÄúThe Negro Motorist Green Book‚Äù to guide them safe‚Ä¶ https://t.co/tBvQ7i9xT6",9
410,-0.0145,Fri Jan 19 21:31:07 +0000 2018,0.079,0.845,0.076,@nytimes,Journalists at The Los Angeles Times have overwhelmingly voted to form a union despite aggressive opposition from t‚Ä¶ https://t.co/K371UMi4ke,10
411,-0.8519,Fri Jan 19 21:20:03 +0000 2018,0.341,0.659,0.0,@nytimes,A man who was arrested in December and charged with killing his mother and stepfather is now tied to 7 more killing‚Ä¶ https://t.co/5Dp8YJKDS1,11
412,0.0,Fri Jan 19 21:10:13 +0000 2018,0.0,1.0,0.0,@nytimes,Read the preliminary report into the Las Vegas shooting https://t.co/JW5tdmOvxf,12
413,0.0,Fri Jan 19 21:00:05 +0000 2018,0.0,1.0,0.0,@nytimes,The Las Vegas police took the unusual step of releasing key details about the investigation into the shooting that‚Ä¶ https://t.co/kysrkweBV2,13
414,-0.3182,Fri Jan 19 20:50:08 +0000 2018,0.113,0.887,0.0,@nytimes,Olympic gymnasts Aly Raisman and Jordyn Wieber echoed dozens who say they too are victims of Larry Nassar https://t.co/PsiLwAbKlf,14
415,-0.2732,Fri Jan 19 20:41:08 +0000 2018,0.11,0.89,0.0,@nytimes,"Senator Robert Menendez of New Jersey, a Democrat, will face a new trial on federal corruption charges. His initial‚Ä¶ https://t.co/KyZ7Hexwar",15
416,0.0,Fri Jan 19 20:30:31 +0000 2018,0.0,1.0,0.0,@nytimes,One day your mind may fade. At least you‚Äôll have a plan. https://t.co/MMMl38gu4T https://t.co/sRbMDlpEVU,16
417,-0.3071,Fri Jan 19 20:15:06 +0000 2018,0.111,0.889,0.0,@nytimes,"Trump‚Äôs vulgar comments may have horrified many Americans, but for Haitians in South Florida, it was nothing new https://t.co/MPaKLWNz9M",17
418,0.4404,Fri Jan 19 20:00:38 +0000 2018,0.131,0.636,0.233,@nytimes,"Modern Love: ""There is a meditative quality to being on a bicycle. You must focus on the chaos that seems to envelo‚Ä¶ https://t.co/SWSc4ghvbA",18
419,-0.0516,Fri Jan 19 19:45:03 +0000 2018,0.079,0.921,0.0,@nytimes,Jacinda Ardern will be the first leader of New Zealand to take parental leave https://t.co/wzWfX3774n,19
420,0.1027,Fri Jan 19 23:53:09 +0000 2018,0.0,0.924,0.076,@nytimes,"Breaking News: Despite declaring Russia barred from the Winter Games, Olympic officials have cleared a path for hun‚Ä¶ https://t.co/4iTluNGNCs",20
421,0.0,Fri Jan 19 23:48:07 +0000 2018,0.0,1.0,0.0,@nytimes,Evening Briefing: Here's what you need to know at the end of the day https://t.co/EW8bf6DnP7,21
422,-0.0772,Fri Jan 19 23:33:02 +0000 2018,0.12,0.773,0.107,@nytimes,Pope Francis broke with protocol and left his popemobile to comfort a policewoman who was thrown from her horse dur‚Ä¶ https://t.co/RyXjbekThS,22
423,-0.4215,Fri Jan 19 23:18:04 +0000 2018,0.177,0.823,0.0,@nytimes,"Trump and Schumer end private talks with ""progress,‚Äô but no deal. Latest updates: https://t.co/iKLZvvDceo",23
424,0.3612,Fri Jan 19 23:03:10 +0000 2018,0.0,0.839,0.161,@nytimes,"Heartier than chicken soup, this classic comfort dish is decidedly more stewlike https://t.co/IsLYdy9ZUW https://t.co/j8eejitCgl",24
425,0.1531,Fri Jan 19 22:48:03 +0000 2018,0.088,0.8,0.112,@nytimes,"RT @JulietMacur: Why is the United States Olympic Committee protecting USA Gymnastics? Whatever the reason, it‚Äôs time for it to stop.  http‚Ä¶",25
426,-0.4767,Fri Jan 19 22:32:03 +0000 2018,0.238,0.642,0.121,@nytimes,The model Harry Uzoka died shortly after being found injured from a stabbing. Another model and his friend were cha‚Ä¶ https://t.co/FVQ5ZfQuXN,26
427,0.0,Fri Jan 19 22:16:12 +0000 2018,0.0,1.0,0.0,@nytimes,Facebook said it plans to prioritize high-quality news by allowing users to rank news sources they see as the most‚Ä¶ https://t.co/R0Mf8KtkYW,27
428,0.0,Fri Jan 19 22:01:05 +0000 2018,0.0,1.0,0.0,@nytimes,"New York City‚Äôs MTA plans to spend close to $4 billion to buy hundreds of new subway trains, a major investment to‚Ä¶ https://t.co/ocimSpqVQz",28
429,0.0,Fri Jan 19 21:46:03 +0000 2018,0.0,1.0,0.0,@nytimes,"For 30 years, black travelers navigating Jim Crow laws relied on ‚ÄúThe Negro Motorist Green Book‚Äù to guide them safe‚Ä¶ https://t.co/tBvQ7i9xT6",29
430,-0.0145,Fri Jan 19 21:31:07 +0000 2018,0.079,0.845,0.076,@nytimes,Journalists at The Los Angeles Times have overwhelmingly voted to form a union despite aggressive opposition from t‚Ä¶ https://t.co/K371UMi4ke,30
431,-0.8519,Fri Jan 19 21:20:03 +0000 2018,0.341,0.659,0.0,@nytimes,A man who was arrested in December and charged with killing his mother and stepfather is now tied to 7 more killing‚Ä¶ https://t.co/5Dp8YJKDS1,31
432,0.0,Fri Jan 19 21:10:13 +0000 2018,0.0,1.0,0.0,@nytimes,Read the preliminary report into the Las Vegas shooting https://t.co/JW5tdmOvxf,32
433,0.0,Fri Jan 19 21:00:05 +0000 2018,0.0,1.0,0.0,@nytimes,The Las Vegas police took the unusual step of releasing key details about the investigation into the shooting that‚Ä¶ https://t.co/kysrkweBV2,33
434,-0.3182,Fri Jan 19 20:50:08 +0000 2018,0.113,0.887,0.0,@nytimes,Olympic gymnasts Aly Raisman and Jordyn Wieber echoed dozens who say they too are victims of Larry Nassar https://t.co/PsiLwAbKlf,34
435,-0.2732,Fri Jan 19 20:41:08 +0000 2018,0.11,0.89,0.0,@nytimes,"Senator Robert Menendez of New Jersey, a Democrat, will face a new trial on federal corruption charges. His initial‚Ä¶ https://t.co/KyZ7Hexwar",35
436,0.0,Fri Jan 19 20:30:31 +0000 2018,0.0,1.0,0.0,@nytimes,One day your mind may fade. At least you‚Äôll have a plan. https://t.co/MMMl38gu4T https://t.co/sRbMDlpEVU,36
437,-0.3071,Fri Jan 19 20:15:06 +0000 2018,0.111,0.889,0.0,@nytimes,"Trump‚Äôs vulgar comments may have horrified many Americans, but for Haitians in South Florida, it was nothing new https://t.co/MPaKLWNz9M",37
438,0.4404,Fri Jan 19 20:00:38 +0000 2018,0.131,0.636,0.233,@nytimes,"Modern Love: ""There is a meditative quality to being on a bicycle. You must focus on the chaos that seems to envelo‚Ä¶ https://t.co/SWSc4ghvbA",38
439,-0.0516,Fri Jan 19 19:45:03 +0000 2018,0.079,0.921,0.0,@nytimes,Jacinda Ardern will be the first leader of New Zealand to take parental leave https://t.co/wzWfX3774n,39
440,0.0,Fri Jan 19 19:30:06 +0000 2018,0.0,1.0,0.0,@nytimes,"A shadow financial aid system known as ‚Äúmerit aid‚Äù exists, which is a form of discounting that has little to do wit‚Ä¶ https://t.co/gxfxAZVcA2",40
441,-0.5574,Fri Jan 19 19:15:07 +0000 2018,0.153,0.847,0.0,@nytimes,"The decision to hear the case came almost a year after the first travel ban, issued a week after Trump took office,‚Ä¶ https://t.co/icIirXUlwB",41
442,0.0772,Fri Jan 19 19:12:27 +0000 2018,0.147,0.653,0.2,@nytimes,"Breaking News: The Supreme Court will hear a challenge to President Trump‚Äôs latest travel ban, which puts limits on‚Ä¶ https://t.co/sMqXZdk7du",42
443,-0.3818,Fri Jan 19 19:10:02 +0000 2018,0.207,0.691,0.102,@nytimes,"Senate Democrats appear ready to block any deal, gambling that Trump will have to offer concessions to avoid a shut‚Ä¶ https://t.co/9S4yn66Rom",43
444,0.0,Fri Jan 19 18:55:07 +0000 2018,0.0,1.0,0.0,@nytimes,Trump's views on the border wall have shifted repeatedly since he raised the idea nearly 4 years ago https://t.co/d7wyY3SWCk,44
445,-0.5106,Fri Jan 19 18:40:15 +0000 2018,0.136,0.864,0.0,@nytimes,"‚ÄúDr. Nassar was not a doctor. He in fact is, was, and forever shall be a child molester, and a monster of a human b‚Ä¶ https://t.co/gbgojH37mp",45
446,0.0,Fri Jan 19 18:25:05 +0000 2018,0.0,1.0,0.0,@nytimes,He traded a tortoise for a turtle. He got 6 months in jail. https://t.co/xGKAwfq4qe,46
447,0.0,Fri Jan 19 18:10:07 +0000 2018,0.0,1.0,0.0,@nytimes,"A look back at the events that lead to the brink of a government shutdown, with immigration and spending as the mai‚Ä¶ https://t.co/3QJ82XYLoc",47
448,0.0,Fri Jan 19 17:55:09 +0000 2018,0.0,1.0,0.0,@nytimes,"Trump invited Senator Chuck Schumer, the Democratic leader, to the White House to reopen negotiations on a deal to‚Ä¶ https://t.co/nrBvrfu3ib",48
449,-0.0516,Fri Jan 19 17:45:05 +0000 2018,0.087,0.833,0.079,@nytimes,"RT @nytvideo: What's next for Moira Donegan, the woman who created the spreadsheet of men in the media industry accused of sexual harassmen‚Ä¶",49
450,-0.4472,Fri Jan 19 17:35:13 +0000 2018,0.184,0.816,0.0,@nytimes,"Asking about citizenship could make the census less accurate, some fear. Here's why. https://t.co/eqKgWcSh2r",50
451,0.296,Fri Jan 19 17:20:12 +0000 2018,0.0,0.891,0.109,@nytimes,"Bill de Blasio eased his opposition to congestion pricing for Manhattan drivers, calling a Cuomo proposal ‚Äúa step i‚Ä¶ https://t.co/vnEEJTmbtb",51
452,0.6249,Fri Jan 19 17:06:03 +0000 2018,0.0,0.854,0.146,@nytimes,RT @monicadavey1: Midwesterners must see this: The view from the Great Lakes as ships try to get through the ice and beat the season's dead‚Ä¶,52
453,-0.1027,Fri Jan 19 16:55:12 +0000 2018,0.136,0.748,0.117,@nytimes,"Senate Democrats appear ready to block legislation to keep the government funded past midnight, gambling that Trump‚Ä¶ https://t.co/6uRZ0CckLb",53
454,0.0,Fri Jan 19 16:40:14 +0000 2018,0.0,1.0,0.0,@nytimes,Breaking down who wants what in the standoff over a government shutdown https://t.co/HgaCtzYDCw,54
455,-0.8765,Fri Jan 19 16:25:06 +0000 2018,0.424,0.576,0.0,@nytimes,How bad is this year's flu season? Is this particular strain particularly dangerous? Answers to your questions abou‚Ä¶ https://t.co/5MvUjmVBcM,55
456,0.3612,Fri Jan 19 16:10:04 +0000 2018,0.0,0.8,0.2,@nytimes,"Start the weekend with a smile, or at least a lighter heart https://t.co/9mYUxv34el",56
457,-0.296,Fri Jan 19 16:00:30 +0000 2018,0.095,0.905,0.0,@nytimes,RT @nytvideo: Moira Donegan started a spreadsheet to record men in the media industry accused of sexual misconduct. We spoke about why she‚Ä¶,57
458,-0.8519,Fri Jan 19 15:45:13 +0000 2018,0.304,0.696,0.0,@nytimes,Baltimore has fired its police commissioner for the second time in 3 years after the highest murder rate in city hi‚Ä¶ https://t.co/q3UdLV25Vz,58
459,0.0,Fri Jan 19 15:30:02 +0000 2018,0.0,1.0,0.0,@nytimes,Trump canceled plans to travel to Florida and will stay in Washington until a spending bill is passed. Follow our l‚Ä¶ https://t.co/jvsqhOGdsR,59
460,0.0,Fri Jan 19 15:15:25 +0000 2018,0.0,1.0,0.0,@nytimes,The daughter who escaped did not understand what the officers meant when they asked if there was medication in the‚Ä¶ https://t.co/8nZEogqf0w,60
461,0.0,Fri Jan 19 15:00:31 +0000 2018,0.0,1.0,0.0,@nytimes,Morning¬†Briefing: Here's what you need to know to start your day https://t.co/nQ47f5WPTn https://t.co/GAkchYWdzy,61
462,0.3384,Fri Jan 19 14:44:04 +0000 2018,0.106,0.721,0.173,@nytimes,"""There is no sport more fun to write about in an Olympic year,"" Jer√© Longman writes https://t.co/FgLAeAa86Y",62
463,0.0,Fri Jan 19 14:15:08 +0000 2018,0.0,1.0,0.0,@nytimes,President Trump's views on the border wall have shifted repeatedly since he raised the idea nearly 4 years ago https://t.co/YtGOrXE5io,63
464,0.0,Fri Jan 19 13:59:04 +0000 2018,0.0,1.0,0.0,@nytimes,"""They said, 'You look shaken,' and I said I was,"" Richard Durbin said. ""After you have been in politics as long I h‚Ä¶ https://t.co/tH4eBo27U3",64
465,0.0,Fri Jan 19 13:51:03 +0000 2018,0.0,1.0,0.0,@nytimes,Jimmy Kimmel leaped back into the debate over health policy on Thursday. Our late-night roundup: https://t.co/SIIleYN0Mx,65
466,-0.7003,Fri Jan 19 13:41:39 +0000 2018,0.34,0.547,0.113,@nytimes,Pope Francis has accused abuse victims in Chile of slandering a bishop who they say protected a pedophile priest https://t.co/7MAqxPMiCb,66
467,0.296,Fri Jan 19 13:31:04 +0000 2018,0.0,0.879,0.121,@nytimes,"The reclusive Italian author Elena Ferrante will join The Guardian as a weekly columnist, the newspaper announced https://t.co/L6UmkVqVQD",67
468,-0.6369,Fri Jan 19 13:15:09 +0000 2018,0.259,0.741,0.0,@nytimes,"McKayla Maroney, describing sexual abuse, calls Larry Nassar a ""monster of a human being"" https://t.co/GQn4UFElIb",68
469,0.0,Fri Jan 19 13:00:30 +0000 2018,0.0,1.0,0.0,@nytimes,Morning¬†Briefing: Here's what you need to know to start your day https://t.co/JpNwazhLa2 https://t.co/AN3Rkt2fen,69
470,0.0,Fri Jan 19 12:45:01 +0000 2018,0.0,1.0,0.0,@nytimes,"The Senate is heading toward a showdown vote on Friday on legislation to keep the government open past midnight, an‚Ä¶ https://t.co/8PGeQ2uV44",70
471,-0.1779,Fri Jan 19 12:30:16 +0000 2018,0.203,0.65,0.146,@nytimes,Opinion: Here's another fine mess they've gotten us into https://t.co/jIV0vM2qWA,71
472,0.0,Fri Jan 19 12:15:11 +0000 2018,0.0,1.0,0.0,@nytimes,"Jacinda Ardern said she was ""not the first woman to multitask"" https://t.co/hNzsOAU4Lo",72
473,-0.2023,Fri Jan 19 12:00:07 +0000 2018,0.101,0.899,0.0,@nytimes,Senator Richard Durbin discusses how President Trump‚Äôs racially charged comments led to a showdown over keeping the‚Ä¶ https://t.co/AlHdITYfIX,73
474,0.7003,Fri Jan 19 11:46:03 +0000 2018,0.0,0.756,0.244,@nytimes,"President Trump was convinced by a string of allies and friends that his chief of staff, John Kelly, had undermined‚Ä¶ https://t.co/MBCmqKL8LE",74
475,0.0,Fri Jan 19 11:30:05 +0000 2018,0.0,1.0,0.0,@nytimes,Morning¬†Briefing: Here's what you need to know to start your day https://t.co/hoaQ24iCDL https://t.co/i6oQUNE0s1,75
476,-0.5574,Fri Jan 19 11:15:09 +0000 2018,0.194,0.806,0.0,@nytimes,North Korea has increasingly turned to illegal clandestine shipments to acquire the fuel it needs https://t.co/y4t0Y6QM5J,76
477,-0.9022,Fri Jan 19 10:59:03 +0000 2018,0.446,0.554,0.0,@nytimes,The California parents accused of holding captive their 13 children were charged with torture and abuse. They could‚Ä¶ https://t.co/SYrE7FZlQb,77
478,-0.4404,Fri Jan 19 10:44:08 +0000 2018,0.153,0.847,0.0,@nytimes,Mass arrests in Italy provided a glimpse into the extensive economic tentacles of Chinese gangsters in Europe https://t.co/m7T6lLVBa4,78
479,0.0,Fri Jan 19 10:30:08 +0000 2018,0.0,1.0,0.0,@nytimes,"The journalist who started #BalanceTonPorc, France‚Äôs equivalent of the #MeToo campaign, is being sued for defamation https://t.co/kltxMFTkex",79
480,0.4019,Fri Jan 19 10:15:03 +0000 2018,0.0,0.881,0.119,@nytimes,Indian developers are promising to fly the first 100 buyers in a new Trump Towers project to New York for a sit-dow‚Ä¶ https://t.co/8nRBgb8u22,80
481,-0.4215,Fri Jan 19 10:00:07 +0000 2018,0.179,0.714,0.107,@nytimes,"RT @nytimesworld: Roy Bennett, a white politician in Zimbabwe who emerged as a formidable member of the opposition party, was killed Wednes‚Ä¶",81
482,-0.6908,Fri Jan 19 09:45:09 +0000 2018,0.251,0.749,0.0,@nytimes,"Video: Moira Donegan, who started a spreadsheet of men in the media industry accused of sexual harassment, spoke ab‚Ä¶ https://t.co/O45iffgJYh",82
483,0.7003,Fri Jan 19 09:30:05 +0000 2018,0.055,0.664,0.281,@nytimes,Theresa May agreed to pay an additional $62 million to help reinforce security around the French port city of Calais https://t.co/PcMTTSnCCO,83
484,0.0,Fri Jan 19 09:17:03 +0000 2018,0.0,1.0,0.0,@nytimes,The world in 2017 saw some of the highest average surface temperatures ever recorded https://t.co/CCtrF5UlJg,84
485,0.5106,Fri Jan 19 09:00:21 +0000 2018,0.0,0.798,0.202,@nytimes,"Video: A drone dropped a ""rescue pod"" into waters south of Brisbane, saving two swimmers https://t.co/lIRdZZM1jo",85
486,0.0,Fri Jan 19 08:59:07 +0000 2018,0.0,1.0,0.0,@nytimes,"Jacinda Ardern, who became New Zealand‚Äôs prime minister in October, announced that she was expecting her first chil‚Ä¶ https://t.co/nfbwr8BxJK",86
487,0.6361,Fri Jan 19 08:47:03 +0000 2018,0.0,0.84,0.16,@nytimes,"RT @nixonron: Is it a fence or a wall? $4 billion or $20 billion. A solar wall or one with a ‚Äòbig, very beautiful door.‚Äô President Trump‚Äôs‚Ä¶",87
488,-0.836,Fri Jan 19 08:32:08 +0000 2018,0.305,0.695,0.0,@nytimes,"After many long years of abuse, a stunted teenage girl who had grown up in a household of unimaginable horrors made‚Ä¶ https://t.co/xVJFjqwjNj",88
489,0.4019,Fri Jan 19 08:17:07 +0000 2018,0.0,0.881,0.119,@nytimes,"RT @nytopinion: Those in favor of selective admission to our country should heed the lessons of a century ago, writes @BretStephensNYT http‚Ä¶",89
490,0.7003,Fri Jan 19 08:02:03 +0000 2018,0.0,0.756,0.244,@nytimes,"President Trump was convinced by a string of allies and friends that his chief of staff, John Kelly, had undermined‚Ä¶ https://t.co/9LquobPYmw",90
491,-0.3182,Fri Jan 19 07:47:05 +0000 2018,0.126,0.874,0.0,@nytimes,"This small town in Mexico fought off cartels and established self-rule. Is it utopia, or warlordism? https://t.co/gmMKZAc3N0",91
492,0.0,Fri Jan 19 07:32:03 +0000 2018,0.0,1.0,0.0,@nytimes,"The flashy new condo towers in India carry the name Trump. And if you buy one, you may get to meet one. https://t.co/07pW4vmwaj",92
493,0.0,Fri Jan 19 07:32:02 +0000 2018,0.0,1.0,0.0,@nytimes,RT @maggieNYT: The Trump-Kelly flap was short-lived. Whether it marks a beginning of a permanent change in relationship is TBD https://t.co‚Ä¶,93
494,0.0,Fri Jan 19 07:17:05 +0000 2018,0.0,1.0,0.0,@nytimes,"One of the ""silence breakers"" Time magazine named person of the year for 2017 is being sued for defamation https://t.co/dDn71Jdsaq",94
495,0.3612,Fri Jan 19 07:02:05 +0000 2018,0.0,0.828,0.172,@nytimes,"Britain and France agree on key issues (but not Brexit, of course) https://t.co/syBtpFsnoU",95
496,0.0,Fri Jan 19 06:47:03 +0000 2018,0.0,1.0,0.0,@nytimes,"RT @jennymedina: ‚ÄúSomeone must have seen something. Someone must have notice something,‚Äù the DA pleads. ‚ÄúWe need your help.‚Äù  https://t.co/‚Ä¶",96
497,-0.7003,Fri Jan 19 06:32:02 +0000 2018,0.34,0.547,0.113,@nytimes,Pope Francis accused sexual abuse victims in Chile of slandering a bishop who they say protected a pedophile priest https://t.co/6D4iJ9xAaE,97
498,0.0,Fri Jan 19 06:18:05 +0000 2018,0.0,1.0,0.0,@nytimes,"President Trump said China was ""caught RED HANDED"" aiding North Korea. The reality was more complicated. https://t.co/na9H2oTPaF",98
499,0.25,Fri Jan 19 06:03:06 +0000 2018,0.105,0.757,0.138,@nytimes,"RT @nytopinion: ""My greatest fear is that my husband will be sent back to Trinidad, where he has not lived for over 25 years."" https://t.co‚Ä¶",99
